100644 337891dbed7a835fb0bb727ac50cfc8ec3bf0e43 0	.comment_hook_ack.txt.bak
100755 a66bd01b3355a60a8f29c1905767c2751874f90a 0	.devcontainer/devcontainer.json
100644 f95583d11e6c418fc7a70a491c38fbaf7dea19d9 0	.github/.trigger-status-checks
100644 967f61d2922ac833cfe3970aa10d5681d9294a17 0	.github/workflows/ci-omoc-gate.yml
100644 bca8da3553076a1d3cb08ba5417a3de2dc566cdf 0	.github/workflows/ci.yml
100644 5c3c3b29b23408663ec826c6119054c1706b1d0c 0	.github/workflows/cr_open_tt_probe.yml
100644 7853faebb58ba98f4a8dc134273f005e7d307adb 0	.github/workflows/dispatch_shim.yml
100644 163b5c8540e3329b0e9dbdd119346274dfb563be 0	.github/workflows/doc-validate.yml
100644 b0e1664d0ce2cd22ea33695af6fc8b12eb951cd3 0	.github/workflows/omoc-gate.yml
100644 483e33d92fac2cfd3d267de3b40bd7464bf80ed4 0	.gitignore
100644 7ad7773d49b326fce7e1baf58564b3aaaf696ca9 0	.gitleaksignore
100644 41ed89000d69b790a9899e375c9cdce247517728 0	.ohmy/README.md
100644 6c095dc6ac13737c865bff8e83de8c4450fbb82e 0	.ohmy/opencode.profiles.json
100644 e6aba858d1927aedf723cd3dbe6dad26d01e6070 0	.opencode/agents/10-oracle.md
100644 6cab7a907ef6655b64ae604522f89770d392c01e 0	.opencode/agents/20-librarian.md
100644 90d786e8581d7297960e42c6591aafa249f39cfd 0	.opencode/agents/30-explore.md
100644 5c5d3dfee3931bbf26716ff8b5e9e388cba54405 0	.opencode/agents/40-sisyphus.md
100644 f19267bb66e5b44ac3385d186eb6086734eba229 0	.opencode/agents/Coordinator.md
100644 93333c2f99cffef298f1e77751ffef4653eb1b82 0	.opencode/agents/Evidence-Collector.md
100644 f5ed2f77a9011307591ef7873395bfc2f8e5b7f6 0	.opencode/agents/Fixer.md
100644 fe517ef30aee6cd1a359e757d3c847e368ab1b23 0	.opencode/agents/Verifier.md
100644 0f5967253c3872dc75cbdc865928cff372b3f5b5 0	.opencode/agents/sisyphus.md
100644 1f00dc92e263221d4e9c32bf606ff00e47d80bdd 0	.opencode/oh-my-opencode.jsonc
100644 fb7a12fac02f28e75345a67e06cd5f2949abb96a 0	.opencode/opencode.json
100644 afd13c3d9ce2a7dcd650d7527d4e286718e90b12 0	.opencode/opencode.jsonc
100644 8d3697317eb798af680e2e6dd4b1aeddf3e51090 0	.opencode/policy/agent_orchestration.json
100644 de490cad4951c7cf2484e60ad5a62bfb6449464a 0	.opencode/policy/omoc_policy.json
100644 6b27e53ce42ffd3ae34c8ac2958649d6e2353df2 0	.opencode/policy/skills_runtime_policy.yaml
100644 cc68359d77805e678acd4bc7c0896537f6138778 0	.opencode/skills/OMOC_SKILLS_PACK.md
100644 2e5ef7668250d340f64733dae3c0d2d950560580 0	.opencode/skills/first_skill/SKILL.md
100644 1c9d0bfba04f200db79542bad51122679aac7913 0	.opencode/skills/index.md
100644 7b5a4cb91e88ec5514bb49780ec2dbb79a3a559d 0	.opencode/skills/omoc-skillpack-bootstrap/SKILL.md
100644 30f083957258f562bd56fae2ccc1baf9557baf50 0	.opencode/skills/skills_index.txt
160000 9bf419228f335b67809c21d810078a8f65247c39 0	.readonly_refs/20260331T180308Z/spine_prev
100755 99722f911ea840723adaf32434872e9880937b9e 0	.tools/gitleaks/bin/gitleaks
100644 98d8b8b582c5aac7fe92ebb6996ced0efae9e638 0	.vscode/settings.json
100644 a6b422a36f35cfeeed252e2835250aa0ea0a2022 0	.vscode/tasks.json
100644 883bc97e70a33e842973d74d8036568eb9e74e37 0	.wp010_acceptance.txt
100644 88de4da762aa245c2eec245d30531b94db46e288 0	03_Evidence_Upload_TXT_Spec.md
100644 e3dc902f5e434095dded43663a015616396d2849 0	AGENTS.md
100644 f851b7eb3305995091dc92ed1e9687189b6fc6a7 0	AGENTS_MCP_SETUP_evidence_upload.txt.bak
100644 ae4f3b43da2c9094f8eb123a9408f27028c1e738 0	FINAL_ACCEPTANCE_REPORT.md
100644 84988249e0b054031a9e392f8e5957cd9f21b2e2 0	KnowledgePack_Upload20/12_GDS_WEB_EVIDENCE_INDEX.md
100644 cb5c95e755eb28236c3aafa2ed3d7927f2e08b8f 0	L5_OPENCODE_CONFIG_AUDIT_evidence_upload.txt.bak
100644 a14c0ba1bf74e00530636c52b79ff2b38e8e2097 0	OHMY_VERSION_ALIGN_evidence_upload.txt.bak
100644 9f0b6b0d146463c9d749596b07d86ec4a167ba0b 0	OHMY_VERSION_REALIGN_AFTER_AGENTS_evidence_upload.txt.bak
100644 ee8e16e6bc235f99ac22826f1d1edbf99a119567 0	OUTPUT_CONTRACT.txt
100644 efa2075cd8cb170f7e0daa88a79b199d2ef3a3bf 0	PREFLIGHT_SUMMARY.md
100644 e22d959fa751649f8b3bcd5ff2dcad17abb64f84 0	README.md
100644 1cfc7768f1b1df2dc2d0900c872140ca5e30918e 0	RIP-C_evidence_upload.txt
100644 41b57841ba764b361ddf0e5fd2f89e04d92a670f 0	RIP_SETUP_evidence_upload.txt
100644 cc6d500d88f4b6c1d87b64ff3404f984fe99934e 0	ROUND1_BOOTSTRAP_COMPLETION.md
100644 6d550147e88eb1e08d78e5ee4f3111d582251dc4 0	ROUND2_COMPLETION_SUMMARY.md
100644 f636ee9382c1407a452059c32085c4470aabd034 0	ROUND2_TO_ROUND3_TRANSITION.md
100644 be3ffe5a95617dd0a12815b1a50c5640620e4787 0	RUNPACK_R4_EXECUTION_SUMMARY.md
100644 2aa4fc6a809b3c5aece951c36f052f29f18baf0c 0	SINGLE_UPLOAD_REQ004_20260302T145508Z.txt
100644 ba44182e5e9f5cc7f2bd709c0d029147a25b9fa3 0	"Spartoi-OMOC_SubP1-LITE+MVP_15CA\345\257\246\344\275\234\345\211\215\346\272\226\345\202\231_RBWI\345\220\210\345\206\212.md"
100644 876f0361c33ecfe110f59f831d110079684a86f8 0	WP-007_L5-10_evidence_upload.txt
100644 3f36710fb1aca262c538c2ba804682015b836cb7 0	WP-007_L5-6_evidence_upload.txt
100644 602b632e1cdd3226c9169dd44c10ce0da593b4e7 0	WP-007_evidence_upload.txt
100644 285b55a2f5402e3c5231edec1d7be55acd7c994b 0	WP-008_evidence_upload.txt
100644 0581b799cf668f2da480fd2fc78612f306021a4e 0	acceptance_slot_map.tsv
100644 1a5b6e0baccd7c6f107ce7dbf4260bd5fa1800db 0	agent.md
100644 17169acc9cb59cd2151e47a0aeedee998f19a2e4 0	anti_scope_scan.json
100644 f529936a865189f3cefef8dc720443fa437accc6 0	audit_intake_20260218T143519Z/acceptance_dir.check
100644 1fa92ec2e18d6c32d40d90837a0bf404d2474a18 0	audit_intake_20260218T143519Z/acceptance_files.list
100644 3973b52bb3f74f91a5618c55bcc372b04bc1186a 0	audit_intake_20260218T143519Z/forbidden_hits.count
100644 e69de29bb2d1d6434b8b29ae775ad8c2e48c5391 0	audit_intake_20260218T143519Z/headers_first40.err
100644 a0fce456bd21be53aa61950db95bf2a0fcadd267 0	audit_intake_20260218T143519Z/keyfields.txt
100644 aab78faa18c02c3acba1e147693afe97ad658e5f 0	audit_intake_20260218T143519Z/ls_evidence_bundles.txt
100644 e69de29bb2d1d6434b8b29ae775ad8c2e48c5391 0	audit_intake_20260218T143519Z/sha256.err
100644 57101671e966930fc9b2df8550eb551d71617e01 0	audit_intake_20260218T143519Z/sha256.txt
100644 e69de29bb2d1d6434b8b29ae775ad8c2e48c5391 0	audit_intake_20260218T143519Z/size_bytes.err
100644 2dddb7a540c0d326ecca757b7adfb38b19a205b2 0	audit_intake_20260218T143519Z/size_bytes.txt
100644 e69de29bb2d1d6434b8b29ae775ad8c2e48c5391 0	audit_intake_20260218T143519Z/tar_forbidden_members.txt
100644 dfacf50423985ba9f8ca3e8aa5e9a44727325d63 0	audit_intake_20260218T143519Z/tar_members.list
100644 35d4e6b44a6db7412f86e4f245c4db2494d8e550 0	audit_intake_20260218T143519Z/ts_utc.txt
100644 c420678d09e8c6b0b20f6adfeb18399380d14cdc 0	baseline/wp001/anchor_registry.json
100644 3479d74428c0b0bdd2c8fad07ad306d7a61bcb90 0	baseline_freeze.md
100644 e24d2af931d750ed354d0f7e8341cff1072d18c1 0	baseline_snapshot.json
100644 f06576c4fcb4ed27273b8225321137ff255c5ed8 0	bun.lock
100644 c2208d34eca8fc81bad49d39cd988a6242f4bdf0 0	bundle_audit.json
100644 abf40b2a1e16cb607eefaad0d4ba60b178a35ac5 0	bundle_audit.json.bak12b
100644 6c095dc6ac13737c865bff8e83de8c4450fbb82e 0	bundle_staging/.ohmy/opencode.profiles.json
100644 4f7373d2fe7fb2371a4c8eb8e1f362a1adea6089 0	bundle_staging/.opencode/opencode.jsonc
100644 de490cad4951c7cf2484e60ad5a62bfb6449464a 0	bundle_staging/.opencode/policy/omoc_policy.json
100644 2e5ef7668250d340f64733dae3c0d2d950560580 0	bundle_staging/.opencode/skills/first_skill/SKILL.md
100644 804559d321a9b208df0cc2f7a1c7b1fdd518860e 0	bundle_staging/bundle_audit.json
100644 d7b4d2308ba62af954f0de3b20a5890b22c36105 0	bundle_staging/checks_manifest.json
100644 ed751da4671837e1012486fa5d8a57595aebdc84 0	bundle_staging/evidence/_acceptance/20260221T140922Z/upload/WP-008_evidence_upload.txt
100644 854e98fe79bccc3c65ac0153632f5ad043b54c1e 0	bundle_staging/evidence/_acceptance/LATEST.S1.path.txt
100644 cbf1c21170127b2a33c823d2a5aedec268ed49bd 0	bundle_staging/evidence_index.md
100755 6d3610ecc1f0f218f25b36b51bbf71bd09ae510c 0	bundle_staging/scripts/omoc_extract_skills.sh
100755 0c1eab668e56872c1cc5da6f9617cc1eb03affbd 0	bundle_staging/scripts/omoc_validate_contracts.sh
100644 df99dff084da49f94e9492ebd9c15615e6f9096f 0	bundle_staging/verdict.json
100644 9efcdb302fbde6fb068703e7a1717881b485025d 0	checks_manifest.json
120000 47f3ff051239259ee39b6e021110d1cff1cb134c 0	comment-checker
100644 bbaacbe3f3521949b98fe14994bbbd9c62e14823 0	config/gitleaks.lock
100644 b911a7b036ebee30adc5251bf00b3c5bc587f6dc 0	config/required_files.json
100644 f9568e5cd84db20fd37c5dabacc6dea6e5ed28c8 0	config/skills_pack.lock.json
100644 07430072494208f9b45d12d48e71bf5ba5d9edb5 0	config/skills_pack_manifest.json
100644 0826ab082d1f8b0cdfb22d64867632abb0f0f87f 0	config_winner_registry.tsv
100644 81542ea918270ce5c028ed0395b7fad2b802014c 0	contracts/external_proof_intake_contract.json
100644 16a0db47889bb09875994f549ed686410cf951d2 0	contracts/release_blocker_contract.json
100644 fae9b093830714cd41d3fcbe4e69104fe83fe9af 0	contracts/route_out_registry.json
100644 e812eb3b31a55394047c690b8fe6e0a67dc97666 0	counts_raw.txt
100644 1351504b8f1b2b0bf313c17f2a5c26a135870e31 0	debug_counts.txt
100644 30cba544e86bd00150a6c91761e4ebd5207d5bfb 0	debug_env.txt
100644 1ca2e9c92587d5fadef3312919942017ac2d28ff 0	debug_od.txt
100644 be572a70c8ac7d8e5992c75cfa16e0bbd5565937 0	debug_run.txt
100644 45f6f8c6c3eb1210c8ffc87a6a975023827c5231 0	docs/_archive/support_how_unclassified/20260307T144505Z_acceptance_report.json
100644 67a25073d2779068a6a07f7d6adffc0097edd2b7 0	docs/_archive/support_how_unclassified/20260308T052442Z_FULL_OMOC_COMPLETION_EVIDENCE.md
100644 99cc59df3b9f2565d6519df8b6a14afd97e57d2e 0	docs/_archive/support_how_unclassified/20260308T052442Z_FULL_OMOC_COMPLETION_INDEX.json
100644 362d39d0703fb6fd702279091f773de667b6f67b 0	docs/_archive/support_how_unclassified/20260309T115405Z_acceptance_report.json
100644 d6ffb4583b2003acdbe30f0dbf3e083f94a436f6 0	docs/_archive/support_how_unclassified/20260309T115405Z_evidence_upload.txt
100644 711d3ad84e5a59b746d114f58654ba8168fe881b 0	"docs/_archive/support_how_unclassified/OMOC_\347\270\275\351\253\224RIP\344\277\256\350\243\234\346\226\271\346\241\210.md"
100644 445bb8c9568eb52a45fa3266d694aa6387553b8f 0	docs/_archive/support_how_unclassified/SPINE_COMPLETION_MASTER_EVIDENCE.json
100644 ea124f7018d9b39eb7143e1587d0c3b63c848c81 0	docs/_archive/support_how_unclassified/SPINE_COMPLETION_MASTER_EVIDENCE.md
100644 a1cf8b810a7572ae6d1168ade5e1f41328fbbff1 0	docs/_archive/support_how_unclassified/Spartoi-OMOC_LBP-A(SIR) v8.1.1-r1.md
100644 35edae92f535f02275fe1edde3342339b0dcb5e0 0	docs/_archive/support_how_unclassified/Spartoi-OMOC_LBP-B(ICD)v8.1.1-r2.md
100644 faff487885880e3f50b1563f140c292150913415 0	docs/_archive/support_how_unclassified/Spartoi-OMOC_LBP-C(ADR) v8.1.1-r2.md
100644 8126c9460dd41dd4925fa83dd361c9c4c873148f 0	docs/_archive/support_how_unclassified/Spartoi-OMOC_LBP-D(C4) v8.1.1-r2.md
100644 ffb4f20bdc9c87062eae03bd56f6429f66f2558c 0	docs/_archive/support_how_unclassified/Spartoi-OMOC_LBP-E(Fitness) v8.1.1-r2.md
100644 039e88720abb4a1c65a9d6e392b460a7dc5fba71 0	docs/_archive/support_how_unclassified/Spartoi-OMOC_MIP_v2.2.0.txt
100644 8bdab7ee83faf9f1a335fa2dac9dd2c76b90d21b 0	docs/_archive/support_how_unclassified/Spartoi-OMOC_README_RDM v2.2.0.md
100644 089f6855ba8afac0e024047683e41237bdb5cacf 0	docs/_archive/support_how_unclassified/Spartoi-OMOC_SubP1-LITE+MVP Spine_Walking Skeleton Pack v0_v2.1.0-r1.md
100644 4bba999e356b8f004b4124bf427d1c483d5309b4 0	docs/_archive/support_how_unclassified/authority_chain_manifest.json
100644 45f6f8c6c3eb1210c8ffc87a6a975023827c5231 0	docs/_archive/wrc_support_how_unclassified/20260307T144505Z_acceptance_report.json
100644 67a25073d2779068a6a07f7d6adffc0097edd2b7 0	docs/_archive/wrc_support_how_unclassified/20260308T052442Z_FULL_OMOC_COMPLETION_EVIDENCE.md
100644 99cc59df3b9f2565d6519df8b6a14afd97e57d2e 0	docs/_archive/wrc_support_how_unclassified/20260308T052442Z_FULL_OMOC_COMPLETION_INDEX.json
100644 362d39d0703fb6fd702279091f773de667b6f67b 0	docs/_archive/wrc_support_how_unclassified/20260309T115405Z_acceptance_report.json
100644 d6ffb4583b2003acdbe30f0dbf3e083f94a436f6 0	docs/_archive/wrc_support_how_unclassified/20260309T115405Z_evidence_upload.txt
100644 e970e04d306c16b91e58b63e870305e4f0e85695 0	"docs/_archive/wrc_support_how_unclassified/OMOC__OMOC_\345\257\246\344\275\234+WP\347\270\275\350\241\250_v4.0.1-r2.md.HOW.md"
100644 445bb8c9568eb52a45fa3266d694aa6387553b8f 0	docs/_archive/wrc_support_how_unclassified/SPINE_COMPLETION_MASTER_EVIDENCE.json
100644 ea124f7018d9b39eb7143e1587d0c3b63c848c81 0	docs/_archive/wrc_support_how_unclassified/SPINE_COMPLETION_MASTER_EVIDENCE.md
100644 f673ba99becba2839e48c55b44a43251732b162e 0	docs/_archive/wrc_support_how_unclassified/Spartoi-OMOC_Master_Spine_Full_Monolith.md
100644 2923fe71df23961ea39769adac1bf5d3aca0decb 0	"docs/_archive/wrc_support_how_unclassified/Spartoi-OMOC_SubP1-LITE+MVP__Spartoi-OMOC_MVP Spine_ Walking Skeleton Pack v0_\346\234\200\345\260\217\345\257\246\344\275\234\345\214\205_v2.2.0-r1.md.HOW.md"
100644 d66fa698dc1d60b91b3c5e86e8054cb569234d39 0	docs/_archive/wrc_support_how_unclassified/Spartoi-OMOC_SubP1-LITE+MVP__Spartoi-OMOC_SubP1-LITE+MVP Spine_Walking Skeleton Pack v0_v2.1.0-r1.md.HOW.md
100644 3c81bf6c0a9ac12d623ce8accc54d00d4e80cda8 0	docs/_archive/wrc_support_how_unclassified/Spartoi-OMOC__Spartoi-OMOC Blueprint v2.2.0-r1.md.HOW.md
100644 d7d75e2058039a04962065947d75d8a6df263297 0	docs/_archive/wrc_support_how_unclassified/Spartoi-OMOC__Spartoi-OMOC_LBP-A(SIR) v8.1.1-r1.md.HOW.md
100644 a0bfa55ef64c2e8f95df4b1868203bf40c0dd632 0	docs/_archive/wrc_support_how_unclassified/Spartoi-OMOC__Spartoi-OMOC_LBP-B(ICD)v8.1.1-r2.md.HOW.md
100644 7d00dd99e3e955be09706ba19e1bcaaeb0052a5a 0	docs/_archive/wrc_support_how_unclassified/Spartoi-OMOC__Spartoi-OMOC_LBP-D(C4) v8.1.1-r2.md.HOW.md
100644 4bba999e356b8f004b4124bf427d1c483d5309b4 0	docs/_archive/wrc_support_how_unclassified/authority_chain_manifest.json
100644 604358a1ccc4193a567b90e7f5c004b1c281abd5 0	docs/_omoc_inputs/normative/OMOC_WP-001+RB+WI_v4.0.1-r2.md
100644 3e5fd05130ab409e6f5620564f7889ed94469f9b 0	docs/_omoc_inputs/normative/OMOC_WP-002+RB+WI_v4.0.1-r2.md
100644 7c00a9b60a4beb81bde561c801cc858095ba463a 0	docs/_omoc_inputs/normative/OMOC_WP-003+RB+WI_v4.0.1-r2.md
100644 eee701e1a98481b754afc9ec26fede1d894ac504 0	docs/_omoc_inputs/normative/OMOC_WP-004+RB+WI_v4.0.1-r2.md
100644 7e0bccec01a93aa1373eb4b2fd2a8ff4ffe02fd7 0	docs/_omoc_inputs/normative/OMOC_WP-005+RB+WI_v4.0.1-r2.md
100644 e74813b8d0aaffb139672ec039bd7d4ea9fd7e6e 0	docs/_omoc_inputs/normative/OMOC_WP-006+RB+WI_v4.0.1-r2.md
100644 8d806c883ec51d9fdad7c8f903297d97870f8407 0	docs/_omoc_inputs/normative/OMOC_WP-007+RB+WI_v4.0.1-r2.md
100644 4366f3ce7e0951575995c93c80f630df3fba7eba 0	docs/_omoc_inputs/normative/OMOC_WP-008+RB+WI_v4.0.1-r2.md
100644 f3de728ca7fc76ff5bf0269d44db00baabf3bda1 0	docs/_omoc_inputs/normative/OMOC_WP-009+RB+WI_v4.0.1-r2.md
100644 4196334a1157a92d28c50357d61b3551130b6aee 0	docs/_omoc_inputs/normative/OMOC_WP-010+RB+WI_v4.0.1-r2.md
100644 51f91a3d5cd75f5aa792a80d8333af9294e6a296 0	docs/_omoc_inputs/normative/OMOC_WP-011+RB+WI_v4.0.1-r2.md
100644 15e83cc9ccb861fab9797a2c5b3cffc70ef66786 0	docs/_omoc_inputs/normative/OMOC_WP-012+RB+WI_v4.0.1-r2.md
100644 aea5e209492964d91271834f85615586dd84b397 0	docs/_omoc_inputs/normative/OMOC_WP-013+RB+WI_v4.0.1-r2.md
100644 115cf608476d2dcb8106e75472f13d59a1d60f2e 0	docs/_omoc_inputs/normative/OMOC_WP-014+RB+WI_v4.0.1-r2.md
100644 7329763cf598559f02a1195b3bbbfe467e331f83 0	"docs/_omoc_inputs/normative/OMOC_\345\257\246\344\275\234+WP\347\270\275\350\241\250_v4.0.1-r2.md"
100644 be4e551624bbf1b213e9c557d7cc469effee5fae 0	"docs/_omoc_inputs/normative/OMOC_\346\226\275\345\267\245RBWI_v4.0.1-r1.md"
100644 cc68359d77805e678acd4bc7c0896537f6138778 0	"docs/_omoc_inputs/normative/OMOC_\346\226\275\345\267\245skills_\345\220\210\345\206\212_v4.0.1-r2.md"
100644 73eb2e37a0b911e7e530a8a964023ed4b7172bf3 0	"docs/_omoc_inputs/normative/OMOC_\350\227\215\345\234\226_v4.0.1-r1.md"
100644 33a98f58b5ca50585264100b6079e008421c0078 0	"docs/_omoc_inputs/normative/Spartoi-OMOC_SubP1-LITE+MVP_CA-DISTILL_MC4+_\345\220\210\345\206\212.md"
100644 5ffe15ec91f45bcc63ca6762d5d1c81778b656ad 0	"docs/_omoc_inputs/normative/Spartoi-OMOC_SubP1-LITE+MVP_CA-DISTILL_WP-M_\345\220\210\345\206\212.md"
100644 2d9b963acf6665bc8d8b32b2ddb0dd76655787cd 0	"docs/_omoc_inputs/normative/Spartoi-OMOC_SubP1-LITE+MVP_CA-DISTILL_WP-RB-WI_\345\220\210\345\206\212.md"
100644 8cc3d0d58fb75c89510f1410d3726fbacde93235 0	docs/_omoc_inputs/rip/OMOC_RIP-A_v1.1.0.md
100644 1662ed858faf0350fe3aa8a7c6f048577b58493e 0	docs/_omoc_inputs/rip/OMOC_RIP-B_v1.1.0.md
100644 02bce4e2dc93c4c8e9b8249b4d8c41c84404423a 0	docs/_omoc_inputs/rip/OMOC_RIP-C_v1.1.0.md
100644 23a2327ae847bee4a66a32658187ee7388329b3d 0	docs/_omoc_inputs/rip/OMOC_RIP-D_v1.1.0.md
100644 6b37e93b2c005261edcb96d105eb0022615d15e2 0	docs/_omoc_inputs/rip/OMOC_RIP-E_v1.1.0.md
100644 d629b2e78a35b08805447288f585c35c32435ee7 0	docs/_omoc_inputs/rip/OMOC_RIP-F_v1.1.0.md
100644 efbafeeb249129c446b27358c23885b3a4c2e5ca 0	docs/_omoc_inputs/support/how/OMOC RIP__OMOC_RIP-A_v1.1.0.md.HOW.md
100644 ffcf2d8bf92c9d9f9329191e3514b50930cb1ab6 0	docs/_omoc_inputs/support/how/OMOC RIP__OMOC_RIP-B_v1.1.0.md.HOW.md
100644 bd3a1c727f97ad7d1f5b987fdced0dd4f5fa64d8 0	docs/_omoc_inputs/support/how/OMOC RIP__OMOC_RIP-C_v1.1.0.md.HOW.md
100644 6ff958bdc721c252b8d2d05e7bd5ca571a4ff827 0	docs/_omoc_inputs/support/how/OMOC RIP__OMOC_RIP-E_v1.1.0.md.HOW.md
100644 e49a6931aeb7598b56c3f2531d9b6a83f520b9e9 0	docs/_omoc_inputs/support/how/OMOC RIP__OMOC_RIP-F_v1.1.0.md.HOW.md
100644 4a4bc180aa2327559c4932a6e978106e2738cbe4 0	docs/_omoc_inputs/support/how/OMOC WP__OMOC_WP-001+RB+WI_v4.0.1-r2.md.HOW.md
100644 c41e1fd8e2b3b8bcfa33dc2ab78013df36a1479f 0	docs/_omoc_inputs/support/how/OMOC WP__OMOC_WP-002+RB+WI_v4.0.1-r2.md.HOW.md
100644 23d8431298addfecd87f24b02c8c973e3e85f182 0	docs/_omoc_inputs/support/how/OMOC WP__OMOC_WP-003+RB+WI_v4.0.1-r2.md.HOW.md
100644 e70418da8c4879d0483720fe96f4c83138be7df3 0	docs/_omoc_inputs/support/how/OMOC WP__OMOC_WP-005+RB+WI_v4.0.1-r2.md.HOW.md
100644 0a028af26e45947fe8f035420633f56edfd25ac5 0	docs/_omoc_inputs/support/how/OMOC WP__OMOC_WP-007+RB+WI_v4.0.1-r2.md.HOW.md
100644 2eb63a4b4091333987de389cf9725192c5ce966f 0	docs/_omoc_inputs/support/how/OMOC WP__OMOC_WP-008+RB+WI_v4.0.1-r2.md.HOW.md
100644 1080f837d4c88e0758c7d64fb69589ea15fcec33 0	docs/_omoc_inputs/support/how/OMOC WP__OMOC_WP-009+RB+WI_v4.0.1-r2.md.HOW.md
100644 122316d3e99c3eb86c25e628c6d6d66ade23eba7 0	docs/_omoc_inputs/support/how/OMOC WP__OMOC_WP-010+RB+WI_v4.0.1-r2.md.HOW.md
100644 60c5878cb2f4c8599d53c4c34ce0ff0dc4c97dc8 0	docs/_omoc_inputs/support/how/OMOC WP__OMOC_WP-011+RB+WI_v4.0.1-r2.md.HOW.md
100644 822e0cce6220c1c02969eb072d0082d5259c8825 0	docs/_omoc_inputs/support/how/OMOC WP__OMOC_WP-012+RB+WI_v4.0.1-r2.md.HOW.md
100644 47ceb50020a5833d47ccce1a9fe7a9db6eb177db 0	docs/_omoc_inputs/support/how/OMOC WP__OMOC_WP-013+RB+WI_v4.0.1-r2.md.HOW.md
100644 62778839d173b8b06a6ed78a25161bd480fc83a7 0	docs/_omoc_inputs/support/how/OMOC WP__OMOC_WP-014+RB+WI_v4.0.1-r2.md.HOW.md
100644 e970e04d306c16b91e58b63e870305e4f0e85695 0	"docs/_omoc_inputs/support/how/OMOC__OMOC_\345\257\246\344\275\234+WP\347\270\275\350\241\250_v4.0.1-r2.md.HOW.md"
100644 bf79855f21dbc156f7360ef1e860877dc0e83a72 0	"docs/_omoc_inputs/support/how/OMOC__OMOC_\346\226\275\345\267\245skills_\345\220\210\345\206\212_v4.0.1-r2.md.HOW.md"
100644 5ef399b10cab533e4e8a4329d6e7258c3981f3c6 0	"docs/_omoc_inputs/support/how/OMOC__OMOC_\350\227\215\345\234\226_v4.0.1-r1.md.HOW.md"
100644 3cb0a0b9a3d742b3ff651ca096ca060c7e7c1613 0	"docs/_omoc_inputs/support/how/Spartoi-OMOC_SubP1-LITE+MVP_Pack A-E+\345\267\245\347\250\213\346\214\207\345\215\227__Spartoi-OMOC_SubP1-LITE+MVP_Control Plane Pack_v2.2.0.md.HOW.md"
100644 c9a6a51a4559de369dfaf7cca648f079fb92f236 0	"docs/_omoc_inputs/support/how/Spartoi-OMOC_SubP1-LITE+MVP_Pack A-E+\345\267\245\347\250\213\346\214\207\345\215\227__Spartoi-OMOC_SubP1-LITE+MVP_Execution Pack_v1.2.0.md.HOW.md"
100644 58066ca961ae2c5b26501604db63828515f4b7ef 0	"docs/_omoc_inputs/support/how/Spartoi-OMOC_SubP1-LITE+MVP_Pack A-E+\345\267\245\347\250\213\346\214\207\345\215\227__Spartoi-OMOC_SubP1-LITE+MVP_Governance_Index Pack_v1.2.0.md.HOW.md"
100644 8428ca8ad00f50a5d19acf24c86983c86fce3cd1 0	"docs/_omoc_inputs/support/how/Spartoi-OMOC_SubP1-LITE+MVP_Pack A-E+\345\267\245\347\250\213\346\214\207\345\215\227__Spartoi-OMOC_SubP1-LITE+MVP_Subsystem Delivery Pack_v1.2.0.md.HOW.md"
100644 cbf5553e49f62ee25fa0886cb25e2ba230139ed3 0	"docs/_omoc_inputs/support/how/Spartoi-OMOC_SubP1-LITE+MVP_Pack A-E+\345\267\245\347\250\213\346\214\207\345\215\227__Spartoi-OMOC_SubP1-LITE+MVP_\345\211\215\347\253\257\346\226\207\346\252\224\345\210\260\345\257\246\344\275\234\351\251\227\346\224\266_\345\267\245\347\250\213\346\214\207\345\215\227.md.HOW.md"
100644 2923fe71df23961ea39769adac1bf5d3aca0decb 0	"docs/_omoc_inputs/support/how/Spartoi-OMOC_SubP1-LITE+MVP__Spartoi-OMOC_MVP Spine_ Walking Skeleton Pack v0_\346\234\200\345\260\217\345\257\246\344\275\234\345\214\205_v2.2.0-r1.md.HOW.md"
100644 d66fa698dc1d60b91b3c5e86e8054cb569234d39 0	docs/_omoc_inputs/support/how/Spartoi-OMOC_SubP1-LITE+MVP__Spartoi-OMOC_SubP1-LITE+MVP Spine_Walking Skeleton Pack v0_v2.1.0-r1.md.HOW.md
100644 81f2598f2ec786089e03a04ce7863aa0fbe17d77 0	docs/_omoc_inputs/support/how/Spartoi-OMOC_SubP1-LITE+MVP__Spartoi-OMOC_SubP1-LITE+MVP_Dev RUNBOOK + WI_ v2.1.0-r2.md.HOW.md
100644 f338308e800b81b47ba360c4c5ee33a6a4dbe3d2 0	docs/_omoc_inputs/support/how/Spartoi-OMOC_SubP1-LITE+MVP__Spartoi-OMOC_SubP1-LITE+MVP_Ops RUNBOOK + WI_v2.1.0-r2.md.HOW.md
100644 3c81bf6c0a9ac12d623ce8accc54d00d4e80cda8 0	docs/_omoc_inputs/support/how/Spartoi-OMOC__Spartoi-OMOC Blueprint v2.2.0-r1.md.HOW.md
100644 0d18f58f140d298a7e7a58b3ff34616a58cc1f96 0	docs/_omoc_inputs/support/how/Spartoi-OMOC__Spartoi-OMOC_ARCH_v8.1.0.md.HOW.md
100644 d7d75e2058039a04962065947d75d8a6df263297 0	docs/_omoc_inputs/support/how/Spartoi-OMOC__Spartoi-OMOC_LBP-A(SIR) v8.1.1-r1.md.HOW.md
100644 a0bfa55ef64c2e8f95df4b1868203bf40c0dd632 0	docs/_omoc_inputs/support/how/Spartoi-OMOC__Spartoi-OMOC_LBP-B(ICD)v8.1.1-r2.md.HOW.md
100644 7d00dd99e3e955be09706ba19e1bcaaeb0052a5a 0	docs/_omoc_inputs/support/how/Spartoi-OMOC__Spartoi-OMOC_LBP-D(C4) v8.1.1-r2.md.HOW.md
100644 95260710c894970759621c88a5465345ff69cba1 0	docs/_omoc_inputs/support/how/Spartoi-OMOC__Spartoi-OMOC_SRS_v8.1.0.md.HOW.md
100644 0d9dce5517e7a6b6c5a35598b920f10dd3e37294 0	docs/_omoc_inputs/support/how/Spartoi-OMOC__Spartoi-OMOC_dev RB + WI_v8.1.1-dev-r2.md.HOW.md
100644 ef9d856fe5d2acfa019c9c9106f7a363993ababa 0	docs/_omoc_inputs/support/how/Spartoi-OMOC__Spartoi-OMOC_ops RB + WI _v8.1.1-ops-r1.md.HOW.md
100644 94e56c554fafffa39f05f09bef6c5c0687857428 0	docs/acceptance/final/20260306T165046Z/20260306T165046Z_acceptance_report.json
100644 6a2633ba6c1cfea509d108608cf4e4e401c33cb4 0	docs/acceptance/final/20260306T165046Z/20260306T165046Z_acceptance_report_wrapped.json
100644 fef4ab5a3d4bd31e46b45ba20dee2e5d78987b92 0	docs/acceptance/final/20260306T165046Z/20260306T165046Z_evidence_upload.txt
100644 e749ee577a3e12e5ed4d7b159c0ecb3be7f88d53 0	docs/acceptance/final/20260306T165046Z/20260306T165046Z_finalize_acceptance_report.json
100644 08c2127e5196ae9ab833f8e6394d3a9a0e924df9 0	docs/acceptance/final/20260306T165046Z/README.md
100644 94e56c554fafffa39f05f09bef6c5c0687857428 0	docs/acceptance/final/20260306T165046Z/acceptance_report.json
100644 94e56c554fafffa39f05f09bef6c5c0687857428 0	docs/acceptance/final/20260306T165046Z/supporting/acceptance_report.json
100644 67a25073d2779068a6a07f7d6adffc0097edd2b7 0	docs/acceptance/final/20260308T052442Z/20260308T052442Z_FULL_OMOC_COMPLETION_EVIDENCE.md
100644 96d51f72950026c7bfab32095498371b0211be3a 0	docs/acceptance/final/20260308T052442Z/20260308T052442Z_FULL_OMOC_COMPLETION_INDEX.json
100644 9c30a6d8e341235cd53d0fc6760643ab87941bae 0	docs/acceptance/handoff_latest.md
100644 a40e7cc20e3499b5fac0c41744f413e7def408a8 0	docs/acceptance/lane-f/20260303T151939Z/acceptance_report.copy.json
100644 2630b19548ea8c5e9cce59a9111a3e18ec13e8c2 0	docs/acceptance/lane-f/20260303T151939Z/handoff.md
100644 39834c7810c7e9d5af83dadd64860eb46f04d099 0	docs/acceptance/wp-009-rbwi/20260305T172741Z/acceptance_manifest.copy.json
100644 261440a2ddc64d0e829a56ddef30d39d09ea5aed 0	docs/acceptance/wp-009-rbwi/20260305T172741Z/acceptance_report.copy.json
100644 b7d126529fb75bf6eaa0a7caebcc44f5a1d65bb0 0	docs/acceptance/wp-009-rbwi/20260305T172741Z/handoff.md
100644 968e724137e9bb1d1c82412b23e04ddd583db0fa 0	docs/acceptance/wp-013-wp-014/20260306T121505Z/20260306T121505Z_acceptance_report.json
100644 50b3b8645fb3bc110310c60844576a773c7d2ce9 0	docs/acceptance/wp-013-wp-014/20260306T121505Z/20260306T121505Z_evidence_upload.txt
100644 b4b2751c7c267815d482455c2492ececbff93594 0	docs/acceptance/wp-013-wp-014/20260306T121505Z/README.md
100644 968e724137e9bb1d1c82412b23e04ddd583db0fa 0	docs/acceptance/wp-013-wp-014/20260306T121505Z/acceptance_report.json
100644 ab3c147accfaf1873fd54a6b0fe6413f03c328a0 0	docs/acceptance/wp-013-wp-014/20260306T121505Z/verdict_wp013.json
100644 bf9bf472deccf99545123658b96f852064c99e70 0	docs/acceptance/wp-013-wp-014/20260306T121505Z/verdict_wp014.json
100644 cbf5553e49f62ee25fa0886cb25e2ba230139ed3 0	"docs/guides/Spartoi-OMOC_SubP1-LITE+MVP_Pack A-E+\345\267\245\347\250\213\346\214\207\345\215\227__Spartoi-OMOC_SubP1-LITE+MVP_\345\211\215\347\253\257\346\226\207\346\252\224\345\210\260\345\257\246\344\275\234\351\251\227\346\224\266_\345\267\245\347\250\213\346\214\207\345\215\227.md.md"
100644 91be8e3e6012e2b31c849f6d3247f1a528a3d653 0	"docs/guides/Spartoi-OMOC_SubP1-LITE+MVP_\345\211\215\347\253\257\346\226\207\346\252\224\345\210\260\345\257\246\344\275\234\351\251\227\346\224\266_\345\267\245\347\250\213\346\214\207\345\215\227.md"
100644 ce42684a26b219d68ec56f643833931f02bfa12c 0	docs/handoff/dual_lane_preflight_handoff_20260304T080056Z.md
100644 17e32f9f56323a625ceb1a0a1b91f85c9cdb629d 0	docs/handoff/dual_lane_preflight_handoff_20260305T045255Z.md
100644 99b61a41e12d7b83ae4644936037eaf25e11e495 0	docs/handoff/dual_lane_preflight_handoff_20260305T054305Z.md
100644 029b78f9522341090f653bfe744917ede4e18633 0	docs/packages/A_governance_index/Spartoi-OMOC_SubP1-LITE+MVP_Governance_Index Pack_v1.2.0.md
100644 58066ca961ae2c5b26501604db63828515f4b7ef 0	"docs/packages/A_governance_index/Spartoi-OMOC_SubP1-LITE+MVP_Pack A-E+\345\267\245\347\250\213\346\214\207\345\215\227__Spartoi-OMOC_SubP1-LITE+MVP_Governance_Index Pack_v1.2.0.md.md"
100644 3987389a2b02294c2b8c4a08284b8c84f1d82045 0	docs/packages/B_control_plane/Spartoi-OMOC_SubP1-LITE+MVP_Control Plane Pack_v2.2.0.md
100644 3cb0a0b9a3d742b3ff651ca096ca060c7e7c1613 0	"docs/packages/B_control_plane/Spartoi-OMOC_SubP1-LITE+MVP_Pack A-E+\345\267\245\347\250\213\346\214\207\345\215\227__Spartoi-OMOC_SubP1-LITE+MVP_Control Plane Pack_v2.2.0.md.md"
100644 21e219226b2a6eaee15fe45470cb8990e05ddaa5 0	docs/packages/C_execution/Spartoi-OMOC_SubP1-LITE+MVP_Execution Pack_v1.2.0.md
100644 c9a6a51a4559de369dfaf7cca648f079fb92f236 0	"docs/packages/C_execution/Spartoi-OMOC_SubP1-LITE+MVP_Pack A-E+\345\267\245\347\250\213\346\214\207\345\215\227__Spartoi-OMOC_SubP1-LITE+MVP_Execution Pack_v1.2.0.md.md"
100644 6c943a8ffa1d19a0b778aad3c817f72fcf477a18 0	docs/packages/D_factory/Spartoi-OMOC_SubP1-LITE+MVP_Factory Pack_v1.2.0.md
100644 8428ca8ad00f50a5d19acf24c86983c86fce3cd1 0	"docs/packages/E_subsystem_delivery/Spartoi-OMOC_SubP1-LITE+MVP_Pack A-E+\345\267\245\347\250\213\346\214\207\345\215\227__Spartoi-OMOC_SubP1-LITE+MVP_Subsystem Delivery Pack_v1.2.0.md.md"
100644 b6f147b17a5633c392658e21bb8decd7e63c92ab 0	docs/packages/E_subsystem_delivery/Spartoi-OMOC_SubP1-LITE+MVP_Subsystem Delivery Pack_v1.2.0.md
100644 4eb1867856c84911718de0d7a067fed1aff41ab6 0	docs/probes/mq_probe_20260305T045255Z.md
100644 4a4bc180aa2327559c4932a6e978106e2738cbe4 0	docs/runbook/OMOC WP__OMOC_WP-001+RB+WI_v4.0.1-r2.md.md
100644 c41e1fd8e2b3b8bcfa33dc2ab78013df36a1479f 0	docs/runbook/OMOC WP__OMOC_WP-002+RB+WI_v4.0.1-r2.md.md
100644 23d8431298addfecd87f24b02c8c973e3e85f182 0	docs/runbook/OMOC WP__OMOC_WP-003+RB+WI_v4.0.1-r2.md.md
100644 e70418da8c4879d0483720fe96f4c83138be7df3 0	docs/runbook/OMOC WP__OMOC_WP-005+RB+WI_v4.0.1-r2.md.md
100644 0a028af26e45947fe8f035420633f56edfd25ac5 0	docs/runbook/OMOC WP__OMOC_WP-007+RB+WI_v4.0.1-r2.md.md
100644 2eb63a4b4091333987de389cf9725192c5ce966f 0	docs/runbook/OMOC WP__OMOC_WP-008+RB+WI_v4.0.1-r2.md.md
100644 1080f837d4c88e0758c7d64fb69589ea15fcec33 0	docs/runbook/OMOC WP__OMOC_WP-009+RB+WI_v4.0.1-r2.md.md
100644 122316d3e99c3eb86c25e628c6d6d66ade23eba7 0	docs/runbook/OMOC WP__OMOC_WP-010+RB+WI_v4.0.1-r2.md.md
100644 60c5878cb2f4c8599d53c4c34ce0ff0dc4c97dc8 0	docs/runbook/OMOC WP__OMOC_WP-011+RB+WI_v4.0.1-r2.md.md
100644 822e0cce6220c1c02969eb072d0082d5259c8825 0	docs/runbook/OMOC WP__OMOC_WP-012+RB+WI_v4.0.1-r2.md.md
100644 47ceb50020a5833d47ccce1a9fe7a9db6eb177db 0	docs/runbook/OMOC WP__OMOC_WP-013+RB+WI_v4.0.1-r2.md.md
100644 62778839d173b8b06a6ed78a25161bd480fc83a7 0	docs/runbook/OMOC WP__OMOC_WP-014+RB+WI_v4.0.1-r2.md.md
100644 604358a1ccc4193a567b90e7f5c004b1c281abd5 0	docs/runbook/OMOC_WP-001+RB+WI_v4.0.1-r2.md
100644 3e5fd05130ab409e6f5620564f7889ed94469f9b 0	docs/runbook/OMOC_WP-002+RB+WI_v4.0.1-r2.md
100644 7c00a9b60a4beb81bde561c801cc858095ba463a 0	docs/runbook/OMOC_WP-003+RB+WI_v4.0.1-r2.md
100644 eee701e1a98481b754afc9ec26fede1d894ac504 0	docs/runbook/OMOC_WP-004+RB+WI_v4.0.1-r2.md
100644 7e0bccec01a93aa1373eb4b2fd2a8ff4ffe02fd7 0	docs/runbook/OMOC_WP-005+RB+WI_v4.0.1-r2.md
100644 e74813b8d0aaffb139672ec039bd7d4ea9fd7e6e 0	docs/runbook/OMOC_WP-006+RB+WI_v4.0.1-r2.md
100644 8d806c883ec51d9fdad7c8f903297d97870f8407 0	docs/runbook/OMOC_WP-007+RB+WI_v4.0.1-r2.md
100644 4366f3ce7e0951575995c93c80f630df3fba7eba 0	docs/runbook/OMOC_WP-008+RB+WI_v4.0.1-r2.md
100644 f3de728ca7fc76ff5bf0269d44db00baabf3bda1 0	docs/runbook/OMOC_WP-009+RB+WI_v4.0.1-r2.md
100644 be4e551624bbf1b213e9c557d7cc469effee5fae 0	"docs/runbook/OMOC_\346\226\275\345\267\245RBWI_v4.0.1-r1.md"
100644 f5f19819414486794c2aee1c1f79b63107350fd9 0	docs/runbook/Spartoi-OMOC_SubP1-LITE+MVP_Dev RUNBOOK + WI_ v2.1.0-r2.md
100644 eadbd4952e2288564799da7ccd3a2778a1b4c4c6 0	docs/runbook/Spartoi-OMOC_SubP1-LITE+MVP_Ops RUNBOOK + WI_v2.1.0-r2.md
100644 81f2598f2ec786089e03a04ce7863aa0fbe17d77 0	docs/runbook/Spartoi-OMOC_SubP1-LITE+MVP__Spartoi-OMOC_SubP1-LITE+MVP_Dev RUNBOOK + WI_ v2.1.0-r2.md.HOW.md
100644 f338308e800b81b47ba360c4c5ee33a6a4dbe3d2 0	docs/runbook/Spartoi-OMOC_SubP1-LITE+MVP__Spartoi-OMOC_SubP1-LITE+MVP_Ops RUNBOOK + WI_v2.1.0-r2.md.HOW.md
100644 0d9dce5517e7a6b6c5a35598b920f10dd3e37294 0	docs/runbook/Spartoi-OMOC__Spartoi-OMOC_dev RB + WI_v8.1.1-dev-r2.md.md
100644 ef9d856fe5d2acfa019c9c9106f7a363993ababa 0	docs/runbook/Spartoi-OMOC__Spartoi-OMOC_ops RB + WI _v8.1.1-ops-r1.md.md
100644 a7d2c035ed2be1b0ae9fb15a3757a95f93b1e2b0 0	docs/runbook/Spartoi-OMOC_dev RB + WI_v8.1.1-dev-r2.md
100644 9f811bb1860690b476f25c454d2d3c7201b735cd 0	docs/runbook/Spartoi-OMOC_ops RB + WI _v8.1.1-ops-r1.md
100644 ac1474c19e0d3f695d4749a59d2863ff1f2d46c1 0	docs/skills_pack_src/README.md
100644 0f94b3f6e0cfc68a216a2fe8ffc16e922e109519 0	docs/spine/acceptance_manifest.json
100644 054fa588520d636bc04c78a68ab7df6b0a149bce 0	docs/spine/clean_spec_policy.json
100644 0e4639e2fdf2faa7c643f6993c009711ef260cc7 0	docs/spine/wsp_directory_adapter.json
100644 efbafeeb249129c446b27358c23885b3a4c2e5ca 0	docs/ssot/OMOC RIP__OMOC_RIP-A_v1.1.0.md.md
100644 ffcf2d8bf92c9d9f9329191e3514b50930cb1ab6 0	docs/ssot/OMOC RIP__OMOC_RIP-B_v1.1.0.md.md
100644 bd3a1c727f97ad7d1f5b987fdced0dd4f5fa64d8 0	docs/ssot/OMOC RIP__OMOC_RIP-C_v1.1.0.md.md
100644 6ff958bdc721c252b8d2d05e7bd5ca571a4ff827 0	docs/ssot/OMOC RIP__OMOC_RIP-E_v1.1.0.md.md
100644 e49a6931aeb7598b56c3f2531d9b6a83f520b9e9 0	docs/ssot/OMOC RIP__OMOC_RIP-F_v1.1.0.md.md
100644 8cc3d0d58fb75c89510f1410d3726fbacde93235 0	docs/ssot/OMOC_RIP-A_v1.1.0.md
100644 1662ed858faf0350fe3aa8a7c6f048577b58493e 0	docs/ssot/OMOC_RIP-B_v1.1.0.md
100644 02bce4e2dc93c4c8e9b8249b4d8c41c84404423a 0	docs/ssot/OMOC_RIP-C_v1.1.0.md
100644 23a2327ae847bee4a66a32658187ee7388329b3d 0	docs/ssot/OMOC_RIP-D_v1.1.0.md
100644 6b37e93b2c005261edcb96d105eb0022615d15e2 0	docs/ssot/OMOC_RIP-E_v1.1.0.md
100644 d629b2e78a35b08805447288f585c35c32435ee7 0	docs/ssot/OMOC_RIP-F_v1.1.0.md
100644 5ef399b10cab533e4e8a4329d6e7258c3981f3c6 0	"docs/ssot/OMOC__OMOC_\350\227\215\345\234\226_v4.0.1-r1.md.HOW.md"
100644 00b1983b28a18557a8f46a4df52d1e1a5483fe54 0	docs/ssot/Spartoi-OMOC_ARCH_v8.1.0.md
100644 cb9739edf02006a4881a3b0b6c86be8355b41e85 0	docs/ssot/Spartoi-OMOC_SRS_v8.1.0.md
100644 b9622b1bbf5abc88b9af013053ff57146a1875a3 0	"docs/ssot/Spartoi-OMOC_SubP1-LITE+MVP_\344\270\255\345\244\256\345\267\245\347\250\213\346\255\243\346\226\207r1.md"
100644 c6f50d9dff227f1d12ce9456313ab229dbf26ac1 0	"docs/ssot/Spartoi-OMOC_SubP1-LITE+MVP_\347\270\275\346\216\247\346\216\247\345\210\266\345\271\263\351\235\242_v2.1.0-r2.md"
100644 7ff29cb4d3ca78111290e07efc17079ebeeea336 0	"docs/ssot/Spartoi-OMOC_SubP1-LITE+MVP_\350\227\215\345\234\226_v1.3.0-r2.md"
100644 0d18f58f140d298a7e7a58b3ff34616a58cc1f96 0	docs/ssot/Spartoi-OMOC__Spartoi-OMOC_ARCH_v8.1.0.md.md
100644 95260710c894970759621c88a5465345ff69cba1 0	docs/ssot/Spartoi-OMOC__Spartoi-OMOC_SRS_v8.1.0.md.md
100644 e93cc2608f1445ef8a97bc8d8e3ef1a1f8119b2a 0	"docs/ssot/Spartoi-OMOC_\347\263\273\347\265\261\351\234\200\346\261\202\346\255\243\346\226\207r3.md"
100644 98eeae9d693374b63320df2fa17689a0e167640d 0	docs/ssot_promotion/20260305T172935Z/ssot_registry.json
100644 1d4c8f2997a1459b929c9c5b193fc94060de2b92 0	docs/ssot_promotion/20260305T172935Z/ssot_registry.md
100644 2ecfda806369ff4e046809dc75da9e48d59cf249 0	docs/ssot_promotion/20260305T174644Z/ssot_registry.json
100644 21d52c568e03e56676c0705e33e0cd8a099839dc 0	docs/subsystems/CA-DISTILL/acceptance_slot_map.tsv
100644 28841de7d1ebd309ed87ff89b9ed38ab179126cc 0	docs/subsystems/CA-DISTILL/anti_scope_scan.json
100644 840bce28ef084e2ab66dd2165e21c6039d3db9a3 0	docs/subsystems/CA-DISTILL/baseline_freeze.md
100644 8f341ee0938c2def55f48414b2b8b4aa4bf2aefe 0	docs/subsystems/CA-DISTILL/baseline_snapshot.json
100644 b54e867739f997460d04b026ed5bf215e2b73d5d 0	docs/subsystems/CA-DISTILL/evidence/external_proofs/ops_rollback/post_rollback_verify_20260402T121111Z.json
100644 c9c64104a3b69f94bc13f1083632667b6b157c12 0	docs/subsystems/CA-DISTILL/evidence/external_proofs/ops_rollback/rollback_checks_20260402T121111Z.json
100644 d1a73f7e5ade7508d6b7f859657d792d16061b01 0	docs/subsystems/CA-DISTILL/evidence/external_proofs/ops_rollback/rollback_pack_20260402T121111Z.json
100644 71ef9eb859172f2472c4161a6f9cbbe1349a0e9c 0	docs/subsystems/CA-DISTILL/multi_zone_preflight_report.json
100644 24cb6473a41c72f58477dd6b2a632b3e53148323 0	docs/subsystems/CA-DISTILL/plugin_scope_manifest.json
100644 477e3d2800fdcbf187c369488853280510b7cd8f 0	docs/subsystems/CA-DISTILL/rollback_pointer.json
100644 d3447f8cc3b6f67354d4acd4f6fd6612b440bb6a 0	docs/subsystems/CA-DISTILL/runtime/README.md
100644 a2b749bed210110c15deded05d2b817c631454b8 0	docs/subsystems/CA-DISTILL/runtime/distill_bundle.json
100644 35ff03ade2cd6a207e1b9fe491d20102f69d805e 0	docs/subsystems/CA-DISTILL/runtime/distill_pack.json
100644 ee9e4167e4ef67aa1940eb3696ded9562b32b180 0	docs/subsystems/CA-DISTILL/runtime/package_validation.json
100644 a95eef6b54f2e34789b7f0c1dfc2148309b88c62 0	docs/subsystems/CA-DISTILL/session_store_map.tsv
100644 421d99f050691ae9fa444c8d5a0f3053e4ef120e 0	docs/subsystems/CA-DISTILL/sourcepack/CA-CORE.md
100644 4609ab896f252ef0cad311bacd835e2c5b71a68d 0	docs/subsystems/CA-DISTILL/sourcepack/CA-MC4.md
100644 eab932e3afeda1578f182cdcb03ac5df6c87b626 0	docs/subsystems/CA-DISTILL/sourcepack/CA-WP.md
100644 6776f98f1a05287b3c893de16665acf006f51d2f 0	docs/subsystems/CA-DISTILL/sourcepack/meta.json
100644 f2b52f7e0eb51f517ba7f7101ddc70c49bc0e7ee 0	docs/subsystems/CA-DISTILL/worktree_registry.tsv
100644 ca2aec6d82b6863a652349cd8dd0453484aeef34 0	evidence/CR_OPEN_TT_ACCEPTANCE_REPORT.md
100644 0758da0129d59c0f5d09668e6c4cf8db5613fe2c 0	evidence/CR_OPEN_TT_evidence.PASS.txt
100644 ac308454856aa3474bf89b17b4dd84e2d0d69cea 0	evidence/RUNPACK_RP-CR_OPEN-TT-ONEPASS-FULL-CLOSE-20260303-R1_COMPLETION_REPORT.txt
100644 743b517ea4de5e2f8eaa18e606e57d676a72f5c4 0	evidence/_acceptance/20260331T050538Z/20260331T050538Z_evidence_upload.txt
100644 18b86a429587280045b5dad7e4fd6b7aa65c4762 0	evidence/_acceptance/20260331T050538Z/closure_report.md
100644 9d05b8c897a07f1b6be2aede8343a66f89c73ee9 0	evidence/_acceptance/20260331T050538Z/global/20260331T050538Z_acceptance_report.json
100644 ca84b26b3a230a68f2800510910794a4823e24a2 0	evidence/_acceptance/20260331T050538Z/support_how_archive_manifest.tsv
100644 342af80ead7545227478d6cdff4a6aeb0a0a319d 0	evidence/_acceptance/20260331T050538Z/support_how_promotion_delta.tsv
100644 891893197861ac9a247927693bcbcad0d445c0ea 0	evidence/_acceptance/20260331T050538Z/support_how_triage_inventory.tsv
100644 dc5fb2feb0f84f254eda5e427304392157ef1af1 0	evidence/_acceptance/20260331T050538Z/support_how_triage_results.tsv
100644 40861f759c45c3988eb14230c1ee2be4a6ec9ee7 0	evidence/_acceptance/20260331T050538Z/support_how_unresolved.tsv
100644 74d5ef0b966cd1fc515d5a81dce1038525855c8d 0	evidence/_acceptance/20260331T180308Z/20260331T180308Z_acceptance_report.json
100644 16d304cad570ab27a3ecfddf193ce0a0176155a7 0	evidence/_acceptance/20260402T121111Z/20260402T121111Z_acceptance_report.json
100644 16d304cad570ab27a3ecfddf193ce0a0176155a7 0	evidence/_acceptance/20260402T121111Z/acceptance_report.json
100644 9e87e8e55ea542651b3f8aa10313ce0e49ac9966 0	evidence/_acceptance/20260402T121111Z/ca_distill/proof_inventory_refresh.json
100644 89c747c962ddca589e76c5bc352c1b7232565a87 0	evidence/_acceptance/20260402T121111Z/closure_matrix.tsv
100644 9b7f3357fe59f10df8878f655f80681f7e564700 0	evidence/_acceptance/20260402T121111Z/lane_p_convergence/lane_p_convergence_dossier.json
100644 b2d9dd6377ec96cab82424ff5a9283c3b131c23d 0	evidence/_acceptance/20260402T121111Z/tt_export.json
100644 ee112741e49a1b9990c88c1716a3216bd6fdcdab 0	evidence/_acceptance/20260402T122312Z/verification/authoritative_verification_report.json
100644 1621ddecd09b510b2bc4b82436b4cb18f56b4723 0	evidence/_acceptance/20260402T122312Z/verification/final_lint_status.json
100644 88e4f1714baff8658848564718a464b1de5edacf 0	evidence/_acceptance/20260402T124330Z/promotion/20260402T124330Z_git_push_allowlist.txt
100644 a291ad2a22b56702f18c72a70fd276dcc1222f4b 0	evidence/_acceptance/20260402T124330Z/promotion/20260402T124330Z_github_push_minset_manifest.json
100644 efdf0c084221bbfe03ca76745b1b1ec0d08a859c 0	evidence/_acceptance/20260402T124330Z/promotion/20260402T124330Z_github_push_minset_manifest.md
100644 573541ac9702dd3969c9bc859d2b91ec1f7e6e56 0	evidence/_acceptance_wrapper_ping.rc.txt
100644 804f81e036b5af652a4dbbe98f27bacbfb13bb1b 0	evidence/_acceptance_wrapper_ping.txt
100644 8609777880831f8b574301126925d9999e3430b8 0	evidence/_backup/20260216T024508Z/acceptance_pruned_20260216T024508Z.tgz.sha256
100644 458baf9dc4b043d9cc7f7619d89fc439e253da38 0	evidence/_backup/20260216T024508Z/legacy_evidence_20260216T024508Z.tgz.sha256
100644 ed751da4671837e1012486fa5d8a57595aebdc84 0	evidence/_backup/20260224T082853Z/repo_noise/bundle_staging/evidence/_acceptance/20260221T140922Z/upload/WP-008_evidence_upload.txt.bak
100644 28a0caca3e1340ea52149993c154e156bfd1d9f2 0	evidence/_drift_guard/20260223T063000Z/TT-RIPB-ENDPOINTS-DISCOVER-001.json
100644 9488f487341087817a2f9e99dd5cdb7065074656 0	evidence/_drift_guard/20260223T063000Z/allowlist_decisions.jsonl
100644 d4d5f4f649ab0bdbd7c44a7b1fbdfb604a080a5c 0	evidence/_drift_guard/20260223T063000Z/allowlist_enforce.log
100644 f70d7bba4ae1f07682e0358bd7a2068094fc023b 0	evidence/_drift_guard/20260223T063000Z/allowlist_enforce_rc.txt
100644 3fc5252d12c3ecb8846ecc95827ecedb84af5068 0	evidence/_drift_guard/20260223T090000Z/audit_decisions.jsonl
100644 1ad5d8ca7be7c93c73cbdc1a10b073660c95b36a 0	evidence/_drift_guard/20260223T090000Z/audit_ready.json
100644 41dee1328f696a315bbaebf25d40fe9d28bbf2cb 0	evidence/_drift_guard/20260223T090000Z/run_audit_ready.out
100644 19a0dcbc38ac5841893eebd876f0434631ff35e3 0	evidence/_drift_guard/20260223T090000Z/run_decisions.out
100644 1108cdbf01158779a23ad895fd969d738dae2534 0	evidence/_drift_guard/20260223T090000Z/run_git_before.out
100644 8e127bef9127dad4c65d5b3e888c3b7358db515f 0	evidence/_drift_guard/20260223T090000Z/run_guard_present.out
100644 2f7f94c9d9215ad843750592db952544bf3692b3 0	evidence/_drift_guard/20260223T090000Z/run_ls.out
100644 94d383fc4091eae166cc5ad9e85c1879cc1de284 0	evidence/_drift_guard/20260223T090000Z/run_not_ready_rc.out
100644 b991219ae18df838919625e08221a321b2ad7cc7 0	evidence/_drift_guard/20260223T090000Z/run_ready_rc.out
100644 edd37bf63c9e7800eefa17e206d249bb6b641235 0	evidence/_drift_guard/20260223T093000Z/audit_decisions.jsonl
100644 9ea6b3e506b8050473737a17aebb347ef53cd85a 0	evidence/_drift_guard/20260223T093000Z/audit_ready.json
100644 d6cf31dc2dcbf7182e8965f285d3c49a431505d2 0	evidence/_drift_guard/20260223T100000Z/audit_decisions.jsonl
100644 9ea6b3e506b8050473737a17aebb347ef53cd85a 0	evidence/_drift_guard/20260223T100000Z/audit_ready.json
100644 b3e7fbaf77c8f34e5e0abe088f1930009148a87a 0	evidence/_meta/CR_OPEN_TT_evidence.PASS.sha256
100644 407f5d5c9dc9a066cf52070e72e63fc038ad3f6c 0	evidence/_pr_fix_reports/PR_10_MERGE_VERIFICATION_20260303T051200Z.txt
100644 f18b3697f8cd54bdfd76a1ff9427ff996795885d 0	evidence/_quarantine/2026-02-14T00-00-00Z_20260216T115329Z/log.txt
100644 adc92e3958abff4aa9888be59baf1ffb897f7ab3 0	evidence/_quarantine/2026-02-15T05-12-27Z_20260216T115329Z/evidence_OMOC_v4_fix_3of4.txt
100644 e69de29bb2d1d6434b8b29ae775ad8c2e48c5391 0	evidence/_quarantine/2026-02-15T05-12-27Z_20260216T115329Z/ruleset_12793412.err
100644 e95ba370ab0ed200cad7ef0e659733c1faf6725f 0	evidence/_quarantine/2026-02-15T05-12-27Z_20260216T115329Z/ruleset_12793412.json
100644 f3303e05c3b45a5d8514b3df080ee3c07eb6f25c 0	evidence/_quarantine/2026-02-15T05-12-27Z_20260216T115329Z/ruleset_detail_status.txt
100644 dd6f0323954df46486c6a67d0011669eb33737a8 0	evidence/_quarantine/2026-02-15T05-12-27Z_20260216T115329Z/rulesets_fetch_status.txt
100644 e69de29bb2d1d6434b8b29ae775ad8c2e48c5391 0	evidence/_quarantine/2026-02-15T05-12-27Z_20260216T115329Z/rulesets_raw.err
100644 23d21a1c0ad6caef3378fc8f8ee0b9fee4e5032b 0	evidence/_quarantine/2026-02-15T05-12-27Z_20260216T115329Z/rulesets_raw.json
100644 6aed7c2b7230a2ad0872b8c48b8a7ffa5562cff0 0	evidence/_quarantine/2026-02-15T052900Z_20260216T115329Z/evidence_OMOC_v4_20260215T052900Z.txt
100644 8833501c0820d258fb5ed8c4d349640eca091e4a 0	evidence/_quarantine/20260214T142541Z-swarm-run-1_20260216T115329Z/accept_after.txt
100644 1b077f01899961db1b87bee28f70fb36996c0e45 0	evidence/_quarantine/20260214T142541Z-swarm-run-1_20260216T115329Z/accept_before.txt
100644 727f40ce644e2026e5dc462bd63cb69b79757fea 0	evidence/_quarantine/20260214T142541Z-swarm-run-1_20260216T115329Z/checks_manifest.json
100644 68951d5928f89d3484edf7af8975d09b8974e008 0	evidence/_quarantine/20260214T142541Z-swarm-run-1_20260216T115329Z/evidence_index.md
100644 7d70b8ed7332e145f3b8f99ac9e4b8cbe566130d 0	evidence/_quarantine/20260214T142541Z-swarm-run-1_20260216T115329Z/git_branch.txt
100644 7d70b8ed7332e145f3b8f99ac9e4b8cbe566130d 0	evidence/_quarantine/20260214T142541Z-swarm-run-1_20260216T115329Z/git_branch_after.txt
100644 e69de29bb2d1d6434b8b29ae775ad8c2e48c5391 0	evidence/_quarantine/20260214T142541Z-swarm-run-1_20260216T115329Z/git_diff_after.patch
100644 32199ba30f17f590a4069023dae4317af504823b 0	evidence/_quarantine/20260214T142541Z-swarm-run-1_20260216T115329Z/git_diff_before.patch
100644 e69de29bb2d1d6434b8b29ae775ad8c2e48c5391 0	evidence/_quarantine/20260214T142541Z-swarm-run-1_20260216T115329Z/git_diff_names_after.txt
100644 8c6979f0837bd9864250fe4296d1d47e2a5c6c92 0	evidence/_quarantine/20260214T142541Z-swarm-run-1_20260216T115329Z/git_diff_names_before.txt
100644 9e77d5fae1bb2034efb309550548a93747e6d2c8 0	evidence/_quarantine/20260214T142541Z-swarm-run-1_20260216T115329Z/git_status_after.txt
100644 c7542c29d96386cc3c65df925b5a31ae3cc922e4 0	evidence/_quarantine/20260214T142541Z-swarm-run-1_20260216T115329Z/git_status_before.txt
100644 b7b0072c4e7f0bb7f9971a494a72d14646d415cd 0	evidence/_quarantine/20260214T142541Z-swarm-run-1_20260216T115329Z/ls_acc_dir.txt
100644 f623974fee91f377878677ea9e535fcd8d6f4884 0	evidence/_quarantine/20260214T142541Z-swarm-run-1_20260216T115329Z/manifest.env
100644 74ba69fe9ded26dc02dcc38ffdac7ddb9a66d470 0	evidence/_quarantine/20260214T142541Z-swarm-run-1_20260216T115329Z/verdict.json
100644 57df57d33dfdd0f231aa4d9f84b9dcf248876cfc 0	evidence/_quarantine/20260214T142734Z-swarm-run-2_20260216T115329Z/accept.txt
100644 727f40ce644e2026e5dc462bd63cb69b79757fea 0	evidence/_quarantine/20260214T142734Z-swarm-run-2_20260216T115329Z/checks_manifest.json
100644 19839e3a2ed9d0c2a26eaeb3a5d1cf877f115d45 0	evidence/_quarantine/20260214T142734Z-swarm-run-2_20260216T115329Z/evidence_index.md
100644 7d70b8ed7332e145f3b8f99ac9e4b8cbe566130d 0	evidence/_quarantine/20260214T142734Z-swarm-run-2_20260216T115329Z/git_branch.txt
100644 e69de29bb2d1d6434b8b29ae775ad8c2e48c5391 0	evidence/_quarantine/20260214T142734Z-swarm-run-2_20260216T115329Z/git_diff.patch
100644 e69de29bb2d1d6434b8b29ae775ad8c2e48c5391 0	evidence/_quarantine/20260214T142734Z-swarm-run-2_20260216T115329Z/git_diff_names.txt
100644 9e77d5fae1bb2034efb309550548a93747e6d2c8 0	evidence/_quarantine/20260214T142734Z-swarm-run-2_20260216T115329Z/git_status.txt
100644 d24858da10f15d47c06ba4e04f7485c614ab3cad 0	evidence/_quarantine/20260214T142734Z-swarm-run-2_20260216T115329Z/manifest.env
100644 c45a4783a5b46dda0093a955843539ff21b7966c 0	evidence/_quarantine/20260214T142734Z-swarm-run-2_20260216T115329Z/verdict.json
100644 1678d0e41e2d99e4ae08018061190e6bbdcb79d7 0	evidence/_quarantine/20260214T142755Z-swarm-run-summary_20260216T115329Z/summary.json
100644 1c2f433de18bc8240b1b871e183178960fa43471 0	evidence/_quarantine/20260224T025342Z/agent.md
100644 a9a5aecf429fd8a0d81fbd5fd37006bfa498d5c1 0	evidence/_quarantine/20260224T051113Z/agent.md
100644 1c2f433de18bc8240b1b871e183178960fa43471 0	evidence/_quarantine/20260224T051855Z/agent.md
100644 484bbe00516a351b50296cb9b6d2137298a023d1 0	evidence/_quarantine/20260227-154124-20260228T143340Z/20260227-154124/bundle/single_evidence_bundle.txt
100644 abcf008f999804783887d427a1571bf8ed111050 0	evidence/_quarantine/20260227-155711-20260228T143340Z/20260227-155711/TT-ARTIFACT_INTEGRITY_DIVERGENCE.md
100644 0d429549303fb9fe0fad01eacb26460aadfc57f5 0	evidence/_quarantine/20260227-155711-20260228T143340Z/20260227-155711/bundle/single_evidence_bundle.txt
100644 c1b74bf8ffcb2015ba6b2f14ef75308bc25037d9 0	evidence/_quarantine/20260227-155711-20260228T143340Z/20260227-155711/bundle/single_evidence_bundle.txt.sha256
100644 0c1b520fb56a74d45ea5ff54ed9d1e9b639a8b38 0	evidence/_quarantine/20260227-155711-20260228T143340Z/20260227-155711/bundle/web/github_oh_my_opencode_releases.txt
100644 f88f352115e1b44b443d98ff2ee6137fe153bcbc 0	evidence/_quarantine/20260227-155711-20260228T143340Z/20260227-155711/bundle/web/github_opencode_releases.txt
100644 bb1e53e31c6993391b54fa53c0f809825bc32485 0	evidence/_quarantine/20260227-155711-20260228T143340Z/20260227-155711/bundle/web/npm_oh_my_opencode.txt
100644 2fe0120774278858f82c3301dfe1c75be654ace9 0	evidence/_quarantine/20260227-155711-20260228T143340Z/20260227-155711/bundle/web/opencode_docs_snapshot.txt
100755 bb9c2ea12088ff603b4ce1818ea8a8fb50e58a26 0	evidence/_quarantine/UTC_STEP1_G0_20260216T115329Z/evidence_index.md
100755 215f8a9bb1a7d7195f91a390394f75e9deb6b68c 0	evidence/_quarantine/UTC_STEP1_G0_20260216T115329Z/verdict.json
100755 dbd7bdfdee836c0bbd830b20b91a243cbacad229 0	evidence/_quarantine/UTC_STEP2_G1_20260216T115329Z/evidence_index.md
100644 1825d2f91cd8d92a519c72d809c4fe803d2bee71 0	evidence/_quarantine/UTC_STEP2_G1_20260216T115329Z/logs/container_identity.txt
100755 2697c0b9c23a21e5f69901c730f33b3545f8363b 0	evidence/_quarantine/UTC_STEP2_G1_20260216T115329Z/logs/devcontainer.json
100755 4146d0083ed60d6af35eabb2eeeb054f5460738a 0	evidence/_quarantine/UTC_STEP2_G1_20260216T115329Z/opencode_smoketest.log
100755 22724919a687c27fb7caa9a4496ac2c7fa1e8db4 0	evidence/_quarantine/UTC_STEP2_G1_20260216T115329Z/verdict.json
100644 7e6386fc610663a3c3b188b6233cfaea64404537 0	evidence/_quarantine/UTC_STEP4_G2_20260216T115329Z/evidence_index.md
100644 e7adf5152ec77967e3a77e1198c6a0b88037dfd7 0	evidence/_quarantine/UTC_STEP4_G2_20260216T115329Z/logs/opencode_help_head40.txt
100644 b0716d532082c6f7a59348fbda53915bacd86db8 0	evidence/_quarantine/UTC_STEP4_G2_20260216T115329Z/logs/opencode_install.sh
100644 6fbf9892b774bcf0bee9641d13236b2e51c4b526 0	evidence/_quarantine/UTC_STEP4_G2_20260216T115329Z/logs/opencode_install.stderr.txt
100644 b566d8257e59eac622caaa081535b5b10745612e 0	evidence/_quarantine/UTC_STEP4_G2_20260216T115329Z/logs/opencode_install.stdout.txt
100644 e69de29bb2d1d6434b8b29ae775ad8c2e48c5391 0	evidence/_quarantine/UTC_STEP4_G2_20260216T115329Z/logs/opencode_path.txt
100644 e7adf5152ec77967e3a77e1198c6a0b88037dfd7 0	evidence/_quarantine/UTC_STEP4_G2_20260216T115329Z/logs/opencode_version.txt
100644 2d66231e7dc7c94fc49e4e5889700c85eec9cebb 0	evidence/_quarantine/UTC_STEP4_G2_20260216T115329Z/verdict.json
100644 607b35f7197bba1964e064365c96dac4b437626b 0	evidence/_quarantine/UTC_STEP5_G2R_20260216T115329Z/evidence_index.md
100644 bf4005fd7d8b6204292fb615bb67775a33fa3ad9 0	evidence/_quarantine/UTC_STEP5_G2R_20260216T115329Z/logs/diag_path.txt
100644 923b80b3c78a8079ce5c3ba463af0be4a0703088 0	evidence/_quarantine/UTC_STEP5_G2R_20260216T115329Z/logs/opencode_path_after_fix.txt
100644 0516ac107712e5c208a99480b07b2aae7dcfc584 0	evidence/_quarantine/UTC_STEP5_G2R_20260216T115329Z/logs/opencode_version_after_fix.txt
100644 cfbdd2eaef5c84d82da41f36ba9916de753dbbc8 0	evidence/_quarantine/UTC_STEP5_G2R_20260216T115329Z/logs/path_fix.txt
100644 45f3f5563a5c8449153c81f866e9e5056460d23d 0	evidence/_quarantine/UTC_STEP5_G2R_20260216T115329Z/verdict.json
100644 920736d02111b8c6ad1122ee3fd51c5d451fde4e 0	evidence/_quarantine/UTC_STEP6_G3_20260216T071622Z/evidence_index.md
100644 08d2d20cce9d77dd59699c82cdca13ea173789e1 0	evidence/_quarantine/UTC_STEP6_G3_20260216T071622Z/logs/opencode_run.stderr.txt
100644 e69de29bb2d1d6434b8b29ae775ad8c2e48c5391 0	evidence/_quarantine/UTC_STEP6_G3_20260216T071622Z/logs/opencode_run.stdout.txt
100644 7341b41e6a4bd70dbc14194dba7d5fa11a33543b 0	evidence/_quarantine/UTC_STEP6_G3_20260216T071622Z/verdict.json
100644 4b696c348776a1197be9fa48c21e2500ff1cfeb5 0	evidence/_quarantine/WP-007-20260228T143340Z/WP-007/log/env_snapshot.log
100644 5f032e37df2fa4df5ad3e94035aa2b346aa8dcb4 0	evidence/_quarantine/WP-008-20260228T143340Z/WP-008/web/ohmy.npm.html
100644 4068cfccf00f2262ce8e8a431ab5ce4699eb3fdb 0	evidence/_quarantine/WP-008-20260228T143340Z/WP-008/web/ohmy.releases.html
100644 7f5525e50260076981bd2c9163254becae49ef26 0	evidence/_quarantine/WP-008-20260228T143340Z/WP-008/web/opencode.changelog.html
100644 96b57c4a19c591e2f0caa291a3392a92be8ebf10 0	evidence/_quarantine/WP-008-20260228T143340Z/WP-008/web/opencode.cli.html
100644 fc4ef3d09154865d1965239f093c9b7ed0ff5920 0	evidence/_quarantine/WP-008-20260228T143340Z/WP-008/web/opencode.releases.html
100644 b955f6a075aa6c158e26ddf4bc84c21814043897 0	evidence/_quarantine/WP-008-20260228T143340Z/WP-008/web/opencode.tui.html
100644 20806415477999943402f327a82fec182dc19e65 0	evidence/_quarantine/_opencode_logs_20260216T115329Z/20260214T052458Z_cp2_s3_closeout_fix.log
100644 d00491fd7e5bb6fa28c517a0bb32b8b506539d4d 0	evidence/_quarantine/_opencode_logs_20260216T115329Z/20260214T052458Z_cp2_s3_closeout_fix.log.rc
100644 8ceb8c895f640d0b8df26136c8b1bddb474e55f0 0	evidence/_quarantine/_opencode_logs_20260216T115329Z/20260214T054749Z_cp3_doc_validate.log
100644 d7612f4455cba58bb014c6e854b0b9f72a9df8f7 0	evidence/_quarantine/_opencode_logs_20260216T115329Z/20260214T055907Z.log
100644 eedd964d5c5830eccf8ecca6bc87390771446e18 0	evidence/_quarantine/_opencode_logs_20260216T115329Z/20260214T055907Z.log.pid
100644 d12bf3136cc899f772de4f770ab797e60fe91c7b 0	evidence/_quarantine/_opencode_logs_20260216T115329Z/_last.closeout.verify.txt
100644 573541ac9702dd3969c9bc859d2b91ec1f7e6e56 0	evidence/_quarantine/_opencode_logs_20260216T115329Z/_last.closeout.verify.txt.rc
100644 573541ac9702dd3969c9bc859d2b91ec1f7e6e56 0	evidence/_quarantine/_opencode_logs_20260216T115329Z/_last.seg1.rc
100644 a7f2f2d8785f7d0af827d2977da8ed015a6c16da 0	evidence/_quarantine/_opencode_logs_20260216T115329Z/_last.seg2.log
100644 573541ac9702dd3969c9bc859d2b91ec1f7e6e56 0	evidence/_quarantine/_opencode_logs_20260216T115329Z/_last.seg2.rc
100644 cc3db1178c0088257ebcf6d398e3b4bd10909078 0	evidence/_quarantine/_opencode_logs_20260216T115329Z/_last_cp3.seg1.log
100644 573541ac9702dd3969c9bc859d2b91ec1f7e6e56 0	evidence/_quarantine/_opencode_logs_20260216T115329Z/_last_cp3.seg1.rc
100644 8ceb8c895f640d0b8df26136c8b1bddb474e55f0 0	evidence/_quarantine/_opencode_logs_20260216T115329Z/_last_cp3.seg2.log
100644 fd03ab2a61f407d4bd9068d6faf07cb898805cc0 0	evidence/_quarantine/_opencode_logs_20260216T115329Z/_last_cp3.seg2.rc
100644 c25e5c1cf00ea834615d1f24c877f6a2aea2e8c8 0	evidence/_quarantine/bundle-20260228T143340Z/bundle/single_evidence_bundle.txt
100644 176606ead6d20a15368afdb351386443b8ea424a 0	evidence/_quarantine/log-20260225T061428Z/evidence_bundle.tgz.sha256
100644 b61b40188dbad4cbb90d173d8fb228166ae3b43e 0	evidence/_quarantine/log-20260225T061428Z/exclude_patterns.txt
100644 d46533601ee69e14073577c1092b90b06487bd28 0	evidence/_quarantine/log-20260225T061428Z/root_evidence_bundle.tgz.sha256
100644 290d9716e6761dda140d78f6e11b14ff1fcc8260 0	evidence/_quarantine/log-20260225T061428Z/single_evidence_bundle.txt.sha256
100644 e18b6189b997cdfab4bddb6f1a46a3336cf25d68 0	evidence/_quarantine/log-20260225T061428Z/tar_members_head.txt
100644 714e68a80ca5801cedb3a678686cd30633a61d6a 0	evidence/_quarantine/log-20260225T061428Z/validator.run.stderr
100644 e69de29bb2d1d6434b8b29ae775ad8c2e48c5391 0	evidence/_quarantine/log-20260225T061428Z/validator.run.stdout
100644 4456854362cbd9bba8dc3f9b036641fb9c4d06d5 0	evidence/_quarantine/log-20260225T061428Z/wp001_run.log
100644 ff119827c2c75fc3eb6992409bd15f53ef348cd3 0	evidence/_quarantine/log-20260228T143340Z/log/keylines.log
100644 734dd170ff15410d4e663e5e5e285c67e57d4294 0	evidence/_quarantine/log-20260228T143340Z/log/latest_opencode.log
100644 3075b7f2d21e28451ccb7c6d6dad4dcfc49eefdf 0	evidence/_quarantine/snapshots-20260228T143340Z/snapshots/sha256sum.real.txt
100644 4816ccb7a37323a1e2f4256f72fe85f01a7f3d07 0	evidence/_quarantine/tmp_run_20260224T090059Z-20260225T061428Z/evidence_bundle.tgz.sha256
100644 bbb01fd4aacba0b4b130ad20d46e8cdc9c381fc8 0	evidence/_quarantine/tmp_run_20260224T090059Z-20260225T061428Z/evidence_bundle.tgz.size
100644 99377002fef35e7399d0b15fec89f372f223e72d 0	evidence/_quarantine/tmp_run_20260224T090059Z-20260225T061428Z/evidence_file_hashes/manifest.txt
100644 9b418e60ce310bdcbdd9c96639f27fdbb1158d56 0	evidence/_quarantine/tmp_run_20260224T090059Z-20260225T061428Z/install.rc
100644 e69de29bb2d1d6434b8b29ae775ad8c2e48c5391 0	evidence/_quarantine/tmp_run_20260224T090059Z-20260225T061428Z/install.stderr
100644 430e70ea4483dd1ee7f45de9c1c2c68a1dcb9c39 0	evidence/_quarantine/tmp_run_20260224T090059Z-20260225T061428Z/install.stdout
100644 4a91811c5f948d78c2ad74b90b7294e13ee0ef29 0	evidence/_quarantine/tmp_run_20260224T090059Z-20260225T061428Z/latest_evd_dir.txt
100644 e69de29bb2d1d6434b8b29ae775ad8c2e48c5391 0	evidence/_quarantine/tmp_run_20260224T090059Z-20260225T061428Z/metadata.json
100644 99f505d55267f59e2ee3fda0b012aefe6ccd2c57 0	evidence/_quarantine/tmp_run_20260224T090059Z-20260225T061428Z/phase0_baseline.txt
100644 10d7ed62ad54e3b873e82869a8ba5a5e3edbb8fe 0	evidence/_quarantine/tmp_run_20260224T090059Z-20260225T061428Z/post_checks.txt
100644 387e5604310b7042d99b2f5d1e0d1dc402f0377e 0	evidence/_quarantine/tmp_run_20260224T090059Z-20260225T061428Z/samples_summary.txt
100644 49ab7a5b8a9693f14646f653803c6b658b8fa93a 0	evidence/_quarantine/tmp_run_20260224T090059Z-20260225T061428Z/single_body.txt
100644 1e90c7ceaf61b3e8588ef81762c7433e43316cce 0	evidence/_quarantine/tmp_run_20260224T090059Z-20260225T061428Z/single_evidence_bundle.txt
100644 7b747a9215bbb9faadac0994480f573b81c23bec 0	evidence/_quarantine/upload-20260228T143340Z/upload/WP-008_evidence_upload.txt
100644 c230e6ad443272f9e4cc57a3d5e90e3c27bb0c4b 0	evidence/bundle_audit.json
100644 69297467f66fa88fe419ada900d17a244f5f38af 0	evidence/checks_manifest.json
100644 2700260a949f4650d12b56c5a5fe3d829c05898a 0	evidence/evidence_index.md
100644 573541ac9702dd3969c9bc859d2b91ec1f7e6e56 0	evidence/install/20260222T161724Z/rc.txt
100644 2e24a25ba804ae025c4156b34d04d5116ef4b819 0	evidence/install/20260222T161724Z/stdout.log
100644 717e89b9476f394980df1ec1bd22e526de72ba01 0	evidence/opencode_diag/20260214T120658Z/config.found.txt
100644 5c9783d82b6163d2f45a1fbdd6a5706a0ee86b43 0	evidence/opencode_diag/20260214T120658Z/diag.log
100644 8870c6246245433f41a4da7980b5e19459d8ee40 0	evidence/opencode_diag/20260214T120658Z/env.fingerprint.txt
100644 0892da8f21ba653eb7155c42094c7e4556135e04 0	evidence/opencode_diag/20260214T120658Z/env.gh_token.flag.txt
100644 09348b846b40d741d5adfe23ba5a894882cf949f 0	evidence/opencode_diag/20260214T120658Z/env.opencode_port.flag.txt
100644 2a7aca51b33891874dca235adbdd90a38ec8fa75 0	evidence/opencode_diag/20260214T120658Z/ohmy.found.txt
100644 ccb43f853ded3bfb3dcbb7cd3b4a320eec91855a 0	evidence/opencode_diag/20260214T120658Z/ohmy.preview.oh-my-opencode.json.txt
100644 3f8343afb197e3ed4023adc7d4692d637e4961dc 0	evidence/opencode_diag/20260214T120658Z/opencode.help.txt
100644 04149eea91ebc9c3585f14274067b38d6113c358 0	evidence/opencode_diag/20260214T120658Z/opencode.in_path.txt
100644 78881b56fb1aa4b2e2cf87241cba9eee37229d5c 0	evidence/opencode_diag/20260214T120658Z/opencode.run.help.txt
100644 d2cebdeb0333e099d74d3a81601b707691ecddc1 0	evidence/opencode_diag/20260214T120658Z/opencode.run.smoketest.rc.txt
100644 006b6e50c3a8c8f1ee8dfc57fe78c6e3be342452 0	evidence/opencode_diag/20260214T120658Z/opencode.run.smoketest.txt
100644 8a4bbfb753ba5149bf1ab78a68b8132f4d84f236 0	evidence/opencode_diag/20260214T120658Z/opencode.serve.help.txt
100644 6085e946503a10fb4d58a5c7d9a6e572c21ddd2e 0	evidence/opencode_diag/20260214T120658Z/opencode.version.txt
100644 9468b547c265c382d1db74f22109e197c5a46e21 0	evidence/opencode_diag/20260214T120658Z/quick_rules.txt
100644 1097ebc56efa2005549a52980547d47f5c415e54 0	evidence/opencode_diag/20260214T120658Z/scan.opencode.json.txt
100644 e0bc4c0d82a3694609f2d321e376b798fbe60349 0	evidence/preflight/20260222T161724Z/preflight.json
100644 b4d97a4f8e5f980ed4d87935b2af3ce6ebf4183f 0	evidence/single_evidence_bundle.txt
100644 f6d9047bf0f911b79b91fac6d13bde6bd9e61937 0	evidence/skills_pack_validation/20260222T161724Z/contract_snapshot.json
100644 573541ac9702dd3969c9bc859d2b91ec1f7e6e56 0	evidence/skills_pack_validation/20260222T161724Z/rc.txt
100644 0be1f293b584ce30eefc011e4a81042f5844a0be 0	evidence/skills_pack_validation/20260222T161724Z/report.json
100644 a7ac80d68bee3b619fec231a8f8afc5356d1e1aa 0	evidence/skills_pack_validation/20260222T161724Z/report.md
100644 99c2230774215482e60b6a4d2c48e6c910c1d250 0	evidence/skills_pack_validation/20260222T161724Z/required_canonical.json
100644 1d3a8ec13527a952ca9ebb7152a6113b62acf4b5 0	evidence/skills_pack_validation/20260222T161724Z/required_files_diff.json
100644 e69de29bb2d1d6434b8b29ae775ad8c2e48c5391 0	evidence/skills_pack_validation/20260222T161724Z/secrets_hits.txt
100644 0582142106a8e419f08fdaf930482787d1fec0de 0	evidence/skills_pack_validation/20260302T105147Z/contract_snapshot.json
100644 573541ac9702dd3969c9bc859d2b91ec1f7e6e56 0	evidence/skills_pack_validation/20260302T105147Z/rc.txt
100644 e5f864de27711a56d71efa8894ea1ea470b50151 0	evidence/skills_pack_validation/20260302T105147Z/report.json
100644 529095770a0fce70c15e311ce306cb8a2b5782e0 0	evidence/skills_pack_validation/20260302T105147Z/report.md
100644 fe51488c7066f6687ef680d6bfaa4f7768ef205c 0	evidence/skills_pack_validation/20260302T105147Z/required_files_diff.json
100644 e69de29bb2d1d6434b8b29ae775ad8c2e48c5391 0	evidence/skills_pack_validation/20260302T105147Z/secrets_hits.txt
100644 0582142106a8e419f08fdaf930482787d1fec0de 0	evidence/skills_pack_validation/20260302T120445Z/contract_snapshot.json
100644 573541ac9702dd3969c9bc859d2b91ec1f7e6e56 0	evidence/skills_pack_validation/20260302T120445Z/rc.txt
100644 765c556e332b91c940165a110f1405129b03b049 0	evidence/skills_pack_validation/20260302T120445Z/report.json
100644 646af8d7b116e48d7c9dfd3c00fc07d73423fd6f 0	evidence/skills_pack_validation/20260302T120445Z/report.md
100644 fe51488c7066f6687ef680d6bfaa4f7768ef205c 0	evidence/skills_pack_validation/20260302T120445Z/required_files_diff.json
100644 e69de29bb2d1d6434b8b29ae775ad8c2e48c5391 0	evidence/skills_pack_validation/20260302T120445Z/secrets_hits.txt
100644 0582142106a8e419f08fdaf930482787d1fec0de 0	evidence/skills_pack_validation/20260302T122328Z/contract_snapshot.json
100644 573541ac9702dd3969c9bc859d2b91ec1f7e6e56 0	evidence/skills_pack_validation/20260302T122328Z/rc.txt
100644 f060f131d412a22649672b68351933320cf6f45b 0	evidence/skills_pack_validation/20260302T122328Z/report.json
100644 7ef9208e70c0caedfc3be2e8ac9e23ef9d780cbe 0	evidence/skills_pack_validation/20260302T122328Z/report.md
100644 fe51488c7066f6687ef680d6bfaa4f7768ef205c 0	evidence/skills_pack_validation/20260302T122328Z/required_files_diff.json
100644 e69de29bb2d1d6434b8b29ae775ad8c2e48c5391 0	evidence/skills_pack_validation/20260302T122328Z/secrets_hits.txt
100644 0582142106a8e419f08fdaf930482787d1fec0de 0	evidence/skills_pack_validation/20260302T123939Z/contract_snapshot.json
100644 573541ac9702dd3969c9bc859d2b91ec1f7e6e56 0	evidence/skills_pack_validation/20260302T123939Z/rc.txt
100644 c9784569528bec67449a65bfc57749f3d96ef4ce 0	evidence/skills_pack_validation/20260302T123939Z/report.json
100644 44113082b4883cd30b04d48e3d4eabb5ba88aa4f 0	evidence/skills_pack_validation/20260302T123939Z/report.md
100644 fe51488c7066f6687ef680d6bfaa4f7768ef205c 0	evidence/skills_pack_validation/20260302T123939Z/required_files_diff.json
100644 e69de29bb2d1d6434b8b29ae775ad8c2e48c5391 0	evidence/skills_pack_validation/20260302T123939Z/secrets_hits.txt
100644 0582142106a8e419f08fdaf930482787d1fec0de 0	evidence/skills_pack_validation/20260302T135015Z/contract_snapshot.json
100644 573541ac9702dd3969c9bc859d2b91ec1f7e6e56 0	evidence/skills_pack_validation/20260302T135015Z/rc.txt
100644 814a9a6e1b85dc002498020155990fc5e4a77d58 0	evidence/skills_pack_validation/20260302T135015Z/report.json
100644 d6562cfd46acb28445f5677281f8bbb3a4231906 0	evidence/skills_pack_validation/20260302T135015Z/report.md
100644 fe51488c7066f6687ef680d6bfaa4f7768ef205c 0	evidence/skills_pack_validation/20260302T135015Z/required_files_diff.json
100644 e69de29bb2d1d6434b8b29ae775ad8c2e48c5391 0	evidence/skills_pack_validation/20260302T135015Z/secrets_hits.txt
100644 0582142106a8e419f08fdaf930482787d1fec0de 0	evidence/skills_pack_validation/20260302T135409Z/contract_snapshot.json
100644 573541ac9702dd3969c9bc859d2b91ec1f7e6e56 0	evidence/skills_pack_validation/20260302T135409Z/rc.txt
100644 2e66289f5143d3030d862943fb46d48f02c545c3 0	evidence/skills_pack_validation/20260302T135409Z/report.json
100644 550c126071f9a667812aa79ebd3cb9c4bbd12449 0	evidence/skills_pack_validation/20260302T135409Z/report.md
100644 fe51488c7066f6687ef680d6bfaa4f7768ef205c 0	evidence/skills_pack_validation/20260302T135409Z/required_files_diff.json
100644 e69de29bb2d1d6434b8b29ae775ad8c2e48c5391 0	evidence/skills_pack_validation/20260302T135409Z/secrets_hits.txt
100644 d1edbc7c39b628aff97cb78f0274b3050483e1af 0	evidence/step-opencode-fix/pwd.txt
100644 573020a99efbbc0932ea315b926e6224fdb2c7a2 0	evidence/step-opencode-fix/runlogs/git.status.porcelain.log
100644 d1edbc7c39b628aff97cb78f0274b3050483e1af 0	evidence/step-opencode-fix/runlogs/git.toplevel.log
100644 cc7cac7c7cc1d4b182791bc0a853118d7b274d6c 0	evidence/step-opencode-fix/runlogs/gitlog.AGENTSmd.head.txt
100644 e69de29bb2d1d6434b8b29ae775ad8c2e48c5391 0	evidence/step-opencode-fix/runlogs/gitlog.agentmd.head.txt
100644 0cfbf08886fca9a91cb753ec8734c84fcbe52c9f 0	evidence/step-opencode-fix/runlogs/jsoncheck.python3.rc
100644 37ed5394f1966cd4922ae30caf199934d700c462 0	evidence/step-opencode-fix/runlogs/ls.agent.files.log
100644 9a5c77a1ae0aad6deda597c760203cfe1fef81d6 0	evidence/step-opencode-fix/runlogs/ls.config.opencode.log
100644 dfba041c2ba7e70382a5684c21502566312e49d9 0	evidence/step-opencode-fix/runlogs/ls.ohmy.global.log
100644 573541ac9702dd3969c9bc859d2b91ec1f7e6e56 0	evidence/step-opencode-fix/runlogs/ls.ohmy.global.rc
100644 c4d2770c86f6c66a9df120be84a8154d18926113 0	evidence/step-opencode-fix/runlogs/ohmy.json.size.txt
100644 3df3621de890d36b3aac794638d781a6569f0b9c 0	evidence/step-opencode-fix/runlogs/opencode.agents.log
100644 573541ac9702dd3969c9bc859d2b91ec1f7e6e56 0	evidence/step-opencode-fix/runlogs/opencode.agents.rc
100644 9ae8e65ac367cda6941d3d3a4405286a7fd44b6e 0	evidence/step-opencode-fix/runlogs/opencode.help.after.log
100644 573541ac9702dd3969c9bc859d2b91ec1f7e6e56 0	evidence/step-opencode-fix/runlogs/opencode.help.after.rc
100644 9ae8e65ac367cda6941d3d3a4405286a7fd44b6e 0	evidence/step-opencode-fix/runlogs/opencode.help.log
100644 573541ac9702dd3969c9bc859d2b91ec1f7e6e56 0	evidence/step-opencode-fix/runlogs/opencode.help.rc
100644 78881b56fb1aa4b2e2cf87241cba9eee37229d5c 0	evidence/step-opencode-fix/runlogs/opencode.run.help.log
100644 573541ac9702dd3969c9bc859d2b91ec1f7e6e56 0	evidence/step-opencode-fix/runlogs/opencode.run.help.rc
100644 fe2c68f6d57a9a0b89b64880196aecdba60f1429 0	evidence/step-opencode-fix/runlogs/opencode.version.log
100644 573541ac9702dd3969c9bc859d2b91ec1f7e6e56 0	evidence/step-opencode-fix/runlogs/opencode.version.rc
100644 e69de29bb2d1d6434b8b29ae775ad8c2e48c5391 0	evidence/step-opencode-fix/runlogs/repo.agent_ohmy.find.txt
100644 573541ac9702dd3969c9bc859d2b91ec1f7e6e56 0	evidence/step-opencode-fix/runlogs/restore.AGENTSmd.from_git.rc
100644 2e675d06ae0dd843d5a1586d6ff71bc59654fb98 0	evidence/step-opencode-fix/snapshots/agent.md.head.txt
100644 ccb43f853ded3bfb3dcbb7cd3b4a320eec91855a 0	evidence/step-opencode-fix/snapshots/oh-my-opencode.json.head.txt
100644 fb73ed58b6a6812f5ae206dcd891813af7b4ee8d 0	evidence/step-opencode-fix/utc.now.txt
100644 e69de29bb2d1d6434b8b29ae775ad8c2e48c5391 0	evidence/step-opencode-repair/20260214T123304Z/runlogs/backup.opencode_json.txt
100644 ab3f8d1909b1cebec53d57df7ddbd7a7eb0220ef 0	evidence/step-opencode-repair/20260214T123304Z/runlogs/fix.opencode_json.rc.txt
100644 0892da8f21ba653eb7155c42094c7e4556135e04 0	evidence/step-opencode-repair/20260214T123304Z/runlogs/gh_token.flag.txt
100644 b7d4cf455d548335c4a80dbf9307fbd7dcb59ead 0	evidence/step-opencode-repair/20260214T123304Z/runlogs/git.status.after.txt
100644 d1edbc7c39b628aff97cb78f0274b3050483e1af 0	evidence/step-opencode-repair/20260214T123304Z/runlogs/git.toplevel.txt
100644 61b8532e4f1a0c0aab3a126de557a82cddc305b9 0	evidence/step-opencode-repair/20260214T123304Z/runlogs/jsonparse.opencode_json.log
100644 ab3f8d1909b1cebec53d57df7ddbd7a7eb0220ef 0	evidence/step-opencode-repair/20260214T123304Z/runlogs/jsonparse.opencode_json.rc.txt
100644 236fc493c3bec14c36774a0fe7f1e0d017e0b745 0	evidence/step-opencode-repair/20260214T123304Z/runlogs/ls.agent.files.after.txt
100644 37ed5394f1966cd4922ae30caf199934d700c462 0	evidence/step-opencode-repair/20260214T123304Z/runlogs/ls.agent.files.before.txt
100644 dfba041c2ba7e70382a5684c21502566312e49d9 0	evidence/step-opencode-repair/20260214T123304Z/runlogs/ls.ohmy.global.txt
100644 cd98056096ccafcbf1335c76b4a1aa405df71427 0	evidence/step-opencode-repair/20260214T123304Z/runlogs/ls.opencode_json.after.txt
100644 9b96ac99010142aad16228d315a1ebf0f90683de 0	evidence/step-opencode-repair/20260214T123304Z/runlogs/ls.opencode_json.before.txt
100644 e0d3090f92bb009538c109c5661fe4ee0afd34e9 0	evidence/step-opencode-repair/20260214T123304Z/runlogs/opencode.agent.list.log
100644 fe2c68f6d57a9a0b89b64880196aecdba60f1429 0	evidence/step-opencode-repair/20260214T123304Z/runlogs/opencode.version.txt
100644 d1edbc7c39b628aff97cb78f0274b3050483e1af 0	evidence/step-opencode-repair/20260214T123304Z/runlogs/pwd.txt
100644 d58649ac597e59335608323995f210b1a41994bb 0	evidence/step-opencode-repair/20260214T123304Z/runlogs/restore.agentmd.txt
100644 63641a7fe57a87451a5a05f32f82f203576462de 0	evidence/step-opencode-repair/20260214T123304Z/snapshots/agent.md.head.txt
100644 ccb43f853ded3bfb3dcbb7cd3b4a320eec91855a 0	evidence/step-opencode-repair/20260214T123304Z/snapshots/oh-my-opencode.json.head.txt
100644 ee95ae56d97408423331f052162084dd9df8d5af 0	evidence/step01/doc-validate.head.yml.txt
100644 d27131668b1569e0df0e3f3596d6ebe3eaa980d8 0	evidence/step01/files.sizes.txt
100644 eb895baa4a955b5e6b6938aaad990d9bf435fd63 0	evidence/step01/find.acceptance.files.txt
100644 a7d7c5a5d4868b44925ecc895f755f0504aa24df 0	evidence/step01/ls.acceptance.root.txt
100644 997a52e77cdfd7675e763e6dc6cd08083d04afd6 0	evidence/step01/ls.workflows.txt
100644 242186b74dc64a163ebfa77da61523fa38d4a959 0	evidence/step01/lsfiles.doc_validate.txt
100644 e69de29bb2d1d6434b8b29ae775ad8c2e48c5391 0	evidence/step01/runlogs/cp3_doc_validate_evidence.log
100644 e69de29bb2d1d6434b8b29ae775ad8c2e48c5391 0	evidence/step01/runlogs/run_cp3.log
100644 c5cea1846486fd0cccd015bd5dd17fc2bb46d6cb 0	evidence/step01/runlogs/run_output.log
100644 eee4eba6255ea12079a5a2aa911718626f9a7a43 0	evidence/step01/runlogs/run_output_forced.log
100644 a813992499e124b4dc50b2946a2f30b3bc45f75f 0	evidence/upload/WP-001_evidence_upload.txt
100644 6bff4c10c85725c66e9b347ec4930d5113fb9018 0	evidence/upload/_probe.txt
100644 1f5a60726ba59c14165554166f6213c8c7a6aeec 0	evidence/verdict.json
100644 63d15d009709214a6acb050e98609425b474a4d6 0	evidence_bundle.sha256
100644 9bce5583b99b756a50fe979f26802e6344468a9e 0	evidence_bundle.size
100644 cbf1c21170127b2a33c823d2a5aedec268ed49bd 0	evidence_index.md
100644 a56c46dafe17eab590f1a8db0206c1fdf28306a5 0	fail_round_1.txt
100644 a56c46dafe17eab590f1a8db0206c1fdf28306a5 0	fail_round_2.txt
100644 a56c46dafe17eab590f1a8db0206c1fdf28306a5 0	fail_round_3.txt
100644 f700b79448c8cf541d287f2b3477fbbb148ff49a 0	handoff/OWNER_ESCALATION_20260331T153135Z.md
100644 72a7ddb425f3bc68f6e9d6b201690ea89ec25336 0	handoff/PHASE5_BLOCKER_MATRIX_20260401T020530Z.md
100644 132d729ecf2a666a67310f0475906cd8313ca371 0	handoff/deadline_status_20260331T160126Z.json
100644 9a624d49f5181a27c2ea83bc059efb053cd45f99 0	handoff/deadline_status_20260331T165212Z.json
100644 93844009c29a32681530a07187b21ea7dd836433 0	handoff/deadline_status_20260331T170503Z.json
100644 bc91620497520db76bf4d11085727ece10770fed 0	handoff/dsl_handoff_block_reason.json
100644 b91895b842745678504fdd61b4612cc01ecc0b51 0	handoff/dsl_handoff_payload.json
100644 45f7a0a5809f3d89bc5ce308e3ac6ddfcf35c046 0	handoff/external_proof_requests/ca_dsl_acceptance_request.md
100644 9eabbc6392b3d4ee7f28f2832c74981937008102 0	handoff/external_proof_requests/ops_rollback_request.md
100644 c36cf98a269308f8675554d6ce0a4fad765165c5 0	handoff/external_proof_requests/package_b_request.md
100644 791bf6932ad26bd8be078e172c471e2447a73f77 0	handoff/external_proof_requests/package_d_request.md
100644 e8f406508fbe257223e109866786c6dede997b28 0	handoff/external_proof_requests/package_e_request.md
100644 3444fd699cc9e12d4094beabbdd29440b3af0537 0	handoff/external_proof_requests/request_index.tsv
100644 53036fb5d36e8e6ae84e62c102c76cb3bfb26b74 0	handoff/handoff_latest.md
100644 7c379f659ceba5ae7fb1ba00b58b977b71e27f95 0	handoff/owner_reminders/OWNER_REMINDER_20260331T160126Z.md
100644 cbf7e80bb08cac69ee352f4ce15debb66a393d3f 0	handoff/verification_requests/CA_DSL_ACCEPTANCE_REQUEST_20260401T020530Z.md
100644 84617ec114bc8623e79904b715065feb60df0232 0	handoff/verification_requests/CA_DSL_ACCEPTANCE_TEMPLATE_20260401T020530Z.json
100644 7bc863b1bfd8ad4564929530f39365c0edc3cb61 0	handoff/verification_requests/OPS_ROLLBACK_REQUEST_20260401T020530Z.md
100644 d42087fbcddc28f115cd6c017db606f85ebb5fa1 0	handoff/verification_requests/OPS_ROLLBACK_TEMPLATE_20260401T020530Z.json
100644 4c0e0f7155d33eeaabe4aa89e0f9f438497b3a07 0	handoff/verification_requests/PACKAGE_B_VERIFICATION_REQUEST_20260401T020530Z.md
100644 b6c83d8f21ff9d2092703185d82e99dc97f44979 0	handoff/verification_requests/PACKAGE_B_VERIFICATION_TEMPLATE_20260401T020530Z.json
100644 8804bd6d417f761591d8dfa1df30229e02f2f309 0	handoff/verification_requests/PACKAGE_D_VERIFICATION_REQUEST_20260401T020530Z.md
100644 dcc8d580395441f1dc93c856e2e1483bbb530eeb 0	handoff/verification_requests/PACKAGE_D_VERIFICATION_TEMPLATE_20260401T020530Z.json
100644 b069be7355b836959d829d2bc90d56ee0d459fff 0	handoff/verification_requests/PACKAGE_E_ARTIFACT_TEMPLATE_20260401T020530Z.json
100644 8d5aa6a8e6aa032b21826351948f230baeb778dd 0	handoff/verification_requests/PACKAGE_E_FULL_ARTIFACT_REQUEST_20260401T020530Z.md
100644 f67b2c6454eecf8e73780dcfe936a27f160fd1a6 0	index.ts
100644 73edae12c5be581124c90be1bd77ae603ca177d0 0	machine_contract.json
100644 a0fe7ee6c42b03b719ab6cba0e0a92e14e87c9d4 0	matrices/crosswalk_matrix.tsv
100644 dea9d01f70d4ac4763e4ed781ecfc0f003b7e3b7 0	matrices/interface_closure_matrix.tsv
100644 bd034e10ef0ae15cde4f45d106dc14fe8f02cce2 0	matrices/opsflow_binding_table.tsv
100644 e316cd01b9861939ddece734aca9caa6c5faa7c6 0	matrices/review_fix_integration_matrix.tsv
100644 db21e440e93768106789ae4b13590e7ddced55e7 0	matrices/self_audit_matrix.tsv
100644 d1a0e705fc8db70b69f6aed469e6d2b88a13c600 0	multi_zone_preflight_report.json
120000 28eed778a572b6be4f1569412f21ccb439ef365a 0	oh-my-opencode
100755 4c6d45a7262ecc968d4cd5574d4f12ba1463758f 0	omo
100755 125a9cd62ca35ce6401ef943b341c01a1d067cb6 0	omo.bak
120000 03de53d979c3c84ee37a6229518f4c88ed4cf87f 0	opencode
100644 340b715dace96168e792f63ca713d82af9c88c74 0	owner_evidence_acquisition_plan.tsv
100644 ff9fb2c85b4db306970072895b42149b49909b3c 0	package.json
100644 904e5e85343a0345f9fbefb9525ea6ad3a14b458 0	perf/omoc_perf_report.json
100644 189f4f38694847d7d477924ca7c19a959ce0aa86 0	perf/omoc_perf_report.md
100644 dd2c7eddcc8cf52a38596278708c8c79c9a0ccff 0	perf/rca_tree.json
100644 61b234c4df0a89dede6f15b326ae8d8c474ed93d 0	perf/upgrade_plan.tsv
100644 81a8d5adc2ff030ad87ff471897c72adea77ac5c 0	phase4/phase_4_2_report.md
100644 a87ee41b77dbd2eeaf11f9d15ab37d5fee5e0cbe 0	phase5/phase_5_1_tt_status.md
100644 768561df16ae7067ec6c0edeab70443317d53564 0	plugin_scope_manifest.json
100644 1f6e408e3e4ee5836c26bfdfec9d30715eedbbcc 0	registries/artifact_family_registry.tsv
100644 82d3e37d4a71c2d4b1c6aeb477b12dce5d03523b 0	registries/canonical_crosswalk.json
100644 9fc61783ebf5ea873b0ac3abc8cb526f971cdb4c 0	registries/exact_locator_registry.tsv
100644 1b2e52a5db4217412a1966ecc1677a02ac2a8e2e 0	registries/external_proof_inbox_index.tsv
100644 8f7a9ef91a65d13fdca78b76fbf000342c6d3f6d 0	registries/owner_evidence_acquisition_plan.tsv
100644 06bc8dd18e34efed9b553103c4255147d16bc4b1 0	registries/test_tracking_list.tsv
100644 ae03639e61e3f13276af618424c49782b0f5c237 0	release/20260307T133504Z/checkpoint_pack/ARCHIVE_MANIFEST.json
100644 8ee89fc08d8a73dc92a4b2034e6af1946e917df1 0	release/20260307T133504Z/checkpoint_pack/CHECKPOINT_POINTERS.json
100644 9b5b5fd250ecfd11b3687fedbbdc6fe54aa79715 0	release/20260307T133504Z/checkpoint_pack/CHECKPOINT_README.md
100644 ecfdb1ea5f4db66d4b7c16829d5b3d1d68a7dba4 0	release/20260307T133504Z/checkpoint_pack/COMPLETION_SUMMARY.md
100644 9d593af6fed89005dfd7cfb15b3ce962c2b78dab 0	release/20260307T133504Z/checkpoint_pack/DELIVERY_MANIFEST.json
100644 917ec4d079f7803aa4852f00204a7c119a88fb46 0	release/20260307T133504Z/checkpoint_pack/HANDOFF_FINAL.md
100644 143fe16ef9564bebe238c348d218e3e8e81e6c5e 0	release/20260307T133504Z/checkpoint_pack/machine_contract.json
100644 5fc5eaacf6db1a7c39212856f01541b2a54fc1f5 0	release/20260307T133504Z/checkpoint_pack/self_check.json
100644 247c54f643b59cfcdd7acfe32881cb50cef24603 0	release/20260309T121141Z/checkpoint_pack/ARCHIVE_MANIFEST.json
100644 9f2d197834855401fcba4bbc222c2639fa70bd35 0	release/20260309T121141Z/checkpoint_pack/CHECKPOINT_POINTERS.json
100644 4885607566ebdc2a754a5e84420c3692575898d3 0	release/20260309T121141Z/checkpoint_pack/CHECKPOINT_README.md
100644 59a8414132d151fd766cbab7157eaaf90d8edec1 0	release/20260309T121141Z/checkpoint_pack/COMPLETION_SUMMARY.md
100644 15efcdfe96222ff314c5aae11d3018f4c288f320 0	release/20260309T121141Z/checkpoint_pack/DELIVERY_MANIFEST.json
100644 20498e3abc00517f756fab1f285af96c2704559f 0	release/20260309T121141Z/checkpoint_pack/HANDOFF_FINAL.md
100644 fb3f082678b78a16677d79de10aaab53a8e6db73 0	release/20260309T121141Z/checkpoint_pack/machine_contract.json
100644 7c85b4d1871089ce78606809e1ac206d802a2733 0	release/20260309T121141Z/checkpoint_pack/self_check.json
100644 eb1721b515a16b2a8ce42c3ceaa50ed717f25de0 0	release/ROUND3_GATE_BLOCKED_20260331T160126Z.json
100644 e20e3f9c6df595231187c930e16eda9f66381f58 0	release/ROUND3_GATE_BLOCKED_20260331T165212Z.json
100644 cd8a748e2848f8eb49381e940d3be89f83c452be 0	release/ROUND3_GATE_BLOCKED_20260331T170503Z.json
100644 b67c84a909109927fca817545dab18c809138253 0	release/ROUND3_GATE_BLOCKED_20260401T020530Z.json
100644 9364e448655418485fa7058da007d7c25eb42ded 0	rollback_pointer.json
100644 bb239790ffb33c10209fb0e59bbb972139c95cff 0	runpack.yaml
100644 7a289ff550b2cf504000f6aae460f5686924bf8a 0	samples/distill_bundle_sample.json
100644 15ed9b2553b07e9410bd8c835ccd6614dd0c02d2 0	samples/distill_pack_sample.json
100644 d656d517a82d7a5ddbd5d6e7f29890d9d4f08ef9 0	samples/sample_distill_bundle.json
100644 ac9e027d6b6e973b4d240f8d46b2043a1a2e7d8a 0	samples/sample_distill_pack.json
100644 119d29cf87ce5b42dcecb32ee8e4086089262c85 0	schemas/distill_bundle.schema.json
100644 087109f7bec3fc11cb4492e5578908c08da6d45e 0	schemas/distill_pack.schema.json
100644 376b669e13153b20fe0e152fae2f6b2dd1713885 0	schemas/dsl_handoff_payload.schema.json
100755 ef52cbb4209c5170306ffaa6caa24a1f986cff76 0	scripts/accept/cp3_accept.sh
100755 2a1850acb4ebafd1da127f676814c0dfd5632a17 0	scripts/accept/quarantine_placeholders.sh
100755 65647128cec1e906162670fee0b380dcaab3eb25 0	scripts/accept/step-00-opencode-rehydrate.sh
100755 26e8ca6777bafb4796c6e3c8ff499f49c976ec0e 0	scripts/accept/step00_preflight.sh
100755 4b22efd008246b67b44cd2408381e47a69d1f397 0	scripts/accept/step00r_fix_opencode_path.sh
100755 d8e536e3b41f61acf13e27f634dcb4e1c0961836 0	scripts/accept/step02_postrebuild_smoketest.sh
100755 962422f1b1aeac09a73b1fe90803606cd6c20354 0	scripts/accept/step03_local_accept.sh
100755 b1538d578c48fd0e5c80a4f86359f1d2a79fdeaf 0	scripts/accept/step04_local_accept.sh
100755 c1baa6e4fa0b3079cb38f0625146b1f1c9c9ffe3 0	scripts/accept/step04_swarm_run.sh
100755 36e0e9b4991640a8c0337de15aacbe2b1eb00036 0	scripts/acceptance_local.sh
100644 f5baa8cc4aaf2930cc1d7a285d14cb2e50541927 0	scripts/ca_distill_validate.py
100755 5f9b1f64f0985a679cd95c75c7860a9be55f4888 0	scripts/cr_open_tt_probe.sh
100755 c794f74708ef08536e4b8fbb73b49e4ab7f11ba6 0	scripts/install_gitleaks.sh
100755 dee7298d26726b3e523ceacd2714c7e687fb1d77 0	scripts/lsp/noop-md-lsp.mjs
100644 f019f2841780bc6282b2fa17bd75f88dd84fb88d 0	scripts/make_wp008_upload.sh
100644 4fdc677aca595d69f88fb41d68e6c42a778bfcd3 0	scripts/ohmy-toggle.sh.bak
100644 ec462d4bad2078b66ba7d5ca65bbbd285ff5210b 0	scripts/omoc/__pycache__/acceptance_gate.cpython-312.pyc
100644 0e42ba5d823c121c232b2900f7df1862af38635c 0	scripts/omoc/__pycache__/evidence_upload_txt.cpython-312.pyc
100644 f5daf39f94283f147e504d1f3a3896e507a8a546 0	scripts/omoc/__pycache__/runbook_dual_lane_100pct.cpython-312.pyc
100644 17f730b7039b3b66b5d176e253c9c32c66e89de2 0	scripts/omoc/__pycache__/sha_pinning_lint.cpython-312.pyc
100644 fda02aa4abf4fc9ad7c52c47a61bbdb7073f9dd1 0	scripts/omoc/acceptance_gate.py
100755 01263f6ad0d99aefbc3993be63a408368753255d 0	scripts/omoc/adjudicator.py
100755 67b4800439e5e6ec39485d0b2b52953eccc608b0 0	scripts/omoc/bk-006-before-wp006.sh
100755 7297ade8d72a29897d675783d061da2d320bf4cb 0	scripts/omoc/clean_spec_export.py
100755 e1fe2776d42745acb80b8cd7300e2083599769cf 0	scripts/omoc/dual_lane_prep_total.py
100644 04a17fb31e4aa564a5dd337a07fdecea2541fc13 0	scripts/omoc/evidence_upload_txt.py
100755 dc006218019ffaa7c32e28de5e9a97495ba73643 0	scripts/omoc/pack-onefile-wp006-prep.sh
100644 cc3ed40eeb1850d289db100f5d1ccaf006900ab6 0	scripts/omoc/runbook_dual_lane_100pct.py
100755 2640a34c3d74c5b7fd8b4c70ec02f4940218acbd 0	scripts/omoc/runpack_driver.py
100755 cec4b5780a02bda4c3d5f5c05a7e6c10d69b9da1 0	scripts/omoc/sha_pinning_lint.py
100755 5e829584c2311f5a30d33f40500b454a5a062e68 0	scripts/omoc/wp013_runner.py
100755 701785456e7568fa303ff5e72aba7c35ca67b422 0	scripts/omoc/wp014_runner.py
100755 ea3558fcf330dd176bda2f632d29411b58ee0ad7 0	scripts/omoc_build_wp001_005_upload_txt.sh
100755 18166c0600407f34f763ff97112ad0324221a604 0	scripts/omoc_collect_checks_manifest.sh
100755 844a42ae7700d74758f0fe484829d1806e608079 0	scripts/omoc_doc_hygiene_scan.sh
100755 0a6163beecf0fb73d6cf1ce92dc80543e8d8281d 0	scripts/omoc_drift_check.sh
100755 161cbf599be417de299e4eec93c858bb94d2de15 0	scripts/omoc_drift_report.sh
100755 d5533803dc3bf333affb226910ac7b1c5bee33a9 0	scripts/omoc_external_secrets_scan.sh
100755 6d3610ecc1f0f218f25b36b51bbf71bd09ae510c 0	scripts/omoc_extract_skills.sh
100755 83cadaedb5d0f3de0d10d0bcc061a26dd93026fd 0	scripts/omoc_install_skills_pack.sh
100755 5b50034e4c811742875aeac6cc3ac60ce257743c 0	scripts/omoc_pinned_actions_report.sh
100755 0e6c7549fc8bd59a99c03573e28dd8416243797f 0	scripts/omoc_preflight.sh
100755 02f4605145e9209dd1ae6f824b68ce7ac717d899 0	scripts/omoc_secrets_scan.sh
100755 638da5ab1f6245bfd16c2cd5db3b6bdd486ec559 0	scripts/omoc_sk08_pack.sh
100755 c64752889eebe1a7ddca6144f4b22cdec07fef72 0	scripts/omoc_solidify_wp001_005.sh
100755 de72aeff3e976c397eb7b9921351206d526a1e8e 0	scripts/omoc_superseded_scan.sh
100755 2b089256741ced0bc2d683f92e54dbc1fc17b70f 0	scripts/omoc_validate_contracts.sh
100755 10d1d66f4cf7d23d7dd8d48d444bf9c38f3dc75b 0	scripts/omoc_validate_contracts.sh.bak.20260222T142224Z
100755 641d212a622dd7cd7976da8d533b9e7226bf7f4c 0	scripts/omoc_validate_contracts.sh.bak_fixTS2
100755 b4c898cb673c283612c766062153b3546ec16f0d 0	scripts/omoc_validate_contracts.sh.bak_step10
100755 603f5434b922054bbffeddeafe1cc2e9ad023e41 0	scripts/opencode-gpt5mini
100755 2549d708349e92ac365878b8ca61bc0239d09cd9 0	scripts/pack/create_evidence_bundle.sh
100755 1218430d06ade715120dda0597176e04df6b5383 0	scripts/probe_opencode_runtime.sh
100755 7ba340839edd9cc5d0f33a1328d2a338146807a1 0	scripts/run_acceptance_all_ts.sh
100755 7ba340839edd9cc5d0f33a1328d2a338146807a1 0	scripts/run_acceptance_all_ts.sh.bak
100755 b3928749af5b240f29f5a6d87122588d81da06dc 0	scripts/wsp_directory_adapter.py
100644 047e4e4e9a18f33af5f692da201bb41a5131df7e 0	secrets_scan.log
100644 ef0147cea47d9d5aadbc679f0cdf8e098ac1a65e 0	self-check.json
100644 014d5965fbacf53156fe6d954196cfc614c17be5 0	self_check.json
100644 74eb170829a8a183a7e3ad18175bb86b5016f4b1 0	session_store_map.tsv
100644 59f3f1467067fbbaa6780c7d75734b9b892414c6 0	single_evidence_bundle.txt.bak
100644 54eebc1cb1bdf4078a966f1d0c9c8d8cda2d9a8f 0	single_evidence_bundle_20260218T123644Z.txt
100644 6ecbfdc1ccc48f4ee4f35b373bf0c0bac78340c9 0	single_evidence_bundle_FINAL_20260218T123644Z.txt
100644 1e840d599d250c1ce666f3b123e80d0c71ece646 0	single_evidence_bundle_WP003_20260218T123644Z.txt
100644 36aa6ab3bf541f634fe1e13f88bc10736ede483f 0	single_evidence_bundle_WP004_20260218T123644Z.txt
100644 7db19af391a4eb86869e752d9a6a7bbca43b67d9 0	single_evidence_bundle_WP005_20260218T123644Z.txt
100644 0f24d2bbd2f398f335049f090ab7a94cde851d07 0	single_evidence_bundle_WP006_20260218T123644Z.txt
100644 46b22a8c4979c5f0b86f11be242db591081e1046 0	single_evidence_bundle_WP007_20260218T123644Z.txt
100644 de6161016db7d3a9222d8def2e1e1fda95154efd 0	single_evidence_bundle_WP008_20260218T123644Z.txt
100644 42185066b85fe72919d1185057d9947c91a98d6c 0	single_evidence_bundle_WP009_20260218T123644Z.txt
100644 5875a689d96948be4b0e76257f629a0590e88503 0	single_evidence_bundle_WP010_20260218T123644Z.txt
100644 6dafb1d097b12511dc5bf162412f1fb06e17c9d8 0	single_evidence_bundle_WP011_20260218T123644Z.txt
100644 e0970e7628f0deb4c4cf35b86dba9edf3c5eb570 0	single_evidence_bundle_WP012_20260218T123644Z.txt
100644 5557791884dc27debf2b0c20f181be646fac2c8e 0	single_evidence_bundle_WP013_20260218T123644Z.txt
100644 717b397330ea1317c7fe1f1e48183b5e36ad8069 0	single_evidence_bundle_WP014_20260218T123644Z.txt
100644 cef3d61afae46f950831b597a49b4c3814b4a0d8 0	tar-members.txt
100644 a6b4628103af9740125475d6cb883fa5ced4b4a6 0	test_colon.md
100644 f2e4d199afecc6d0f6623c999398ab9e7d34b283 0	test_empty.md
100644 4d461190de223d82e72a0fc5d6c4c15cbbc0e4b3 0	test_no_fm.md
100644 38ecda794f9900e55d58eb415539bb66a775562c 0	test_spaces.md
100644 6d752b797aa302006ba23487b871759de88ec470 0	test_tracking_list.tsv
100644 d878efb1e92ba0dbbebfd2c0458bdd11cc35b07f 0	tmp_awk_norm.txt
100644 1f334e357b5dd7601f4e1b96406326dff0819668 0	tmp_iconv.txt
100644 1f334e357b5dd7601f4e1b96406326dff0819668 0	tmp_no_nul.txt
100644 e69de29bb2d1d6434b8b29ae775ad8c2e48c5391 0	tmp_norm.txt
100644 d878efb1e92ba0dbbebfd2c0458bdd11cc35b07f 0	tmp_norm2.txt
100644 d878efb1e92ba0dbbebfd2c0458bdd11cc35b07f 0	tmp_norm3.txt
100644 d878efb1e92ba0dbbebfd2c0458bdd11cc35b07f 0	tmp_norm_script.txt
100644 31c979c288068fa7e2b7e8948166728b8aac6970 0	todo_status.txt
100755 9e278f5f9c26f3cf850bb35d300ade33f76823ab 0	tools/omoc_collect_wp006_single_upload.sh
100644 bfa0fead54e8070848b4572df2e14b62a86d570f 0	tsconfig.json
100644 9f75be8b43a8482d90023ab02c3bcc35d6b25cb0 0	validator_run_output.txt
100644 df99dff084da49f94e9492ebd9c15615e6f9096f 0	verdict.json
100644 a86e3870d2c5a50dd5d5538d143e0c39a40bceac 0	worktree_registry.tsv
