issue_id	issue_summary	source_report	final_status	closing_artifact	locator_path	notes
BLK-ROUND1-001	Repo-local blocker 001 (content closure investigation)	CA_METHOD workflow	FROZEN_CLOSED	Blocker closure record	docs/acceptance/CA_METHOD_local_adjudication.json	Closed at ROUND2 (20260413T074508Z), sealed final truth, FROZEN status prevents reopening
BLK-ROUND1-002	Repo-local blocker 002 (evidence consolidation)	CA_METHOD workflow	FROZEN_CLOSED	Blocker closure record	docs/acceptance/CA_METHOD_local_adjudication.json	Closed at ROUND2 (20260413T074508Z), sealed final truth, FROZEN status prevents reopening
BLK-ROUND1-003	Repo-local blocker 003 (acceptance framework)	CA_METHOD workflow	FROZEN_CLOSED	Blocker closure record	docs/acceptance/CA_METHOD_local_adjudication.json	Closed at ROUND2 (20260413T074508Z), sealed final truth, FROZEN status prevents reopening
BLK-ROUND1-004	Repo-local blocker 004 (document proof closure)	CA_METHOD workflow	CLOSED	Final CA_METHOD PASS report	evidence/_acceptance/20260413T101936Z/20260413T101936Z_acceptance_report.json	Closed at ROUND4 (20260413T101936Z) with PASS verdict. Doc proof 3/3 books, 0 gaps. Owner audit accepted.
DOC_ISSUE_001	Document Proof: Missing target books	ROUND3 discovery (20260413T081709Z)	RESOLVED	Doc proof import + coverage matrix	evidence/_acceptance/20260413T101936Z/doc_proof/20260413T101936Z_source_registry.json	All 3 target books imported from sibling worktree. Coverage verified: 29/29 requirements mapped, 0 gaps. PASS verdict achieved.
PROMO_ISSUE_001	GitHub Promote: PR conflict (diverged history)	ROUND5 discovery (20260413T124642Z)	RESOLVED	Rebase strategy + new PR	evidence/_acceptance/20260413T124642Z/20260413T124642Z_acceptance_report.json	Original PR #60 (CONFLICTING) → New PR #61 (MERGEABLE → MERGED). Clean rebase from origin/main. All conflicts resolved per MAIN-FIRST policy.
PROMO_ISSUE_002	Conflict files: machine_contract.json, acceptance_gate.py, self-check.json	ROUND5/ROUND6	RESOLVED	Conflict regeneration + MAIN-FIRST merge	evidence/_acceptance/20260413T124642Z/* + machine_contract.json + self-check.json + scripts/omoc/acceptance_gate.py	All 3 files regenerated per policy. ROUND6 rebase: valid JSON, correct schema, MAIN-FIRST functional merge applied. No generated-not-owner contamination.
HANDOFF_001	task_handoff_report_ca_method_20260413T131107+0800 (final merge readiness)	External handoff	RESOLVED	Post-merge evidence + PR#61 merged	evidence/_acceptance/20260413T124642Z/ + GitHub PR #61 state	Promote checkpoint created (ROUND1-4), conflict resolved (ROUND5-6), PR #61 merged at 2026-04-13T12:54:22Z to main. All handoff objectives achieved.
HANDOFF_002	task_handoff_report_ca_method_20260403T192306+0800 (doc proof completion)	External handoff	RESOLVED	Sealed doc proof + final CA_METHOD PASS	evidence/_acceptance/20260413T101936Z/doc_proof/ + evidence/_acceptance/20260413T101936Z/20260413T101936Z_acceptance_report.json	Doc proof ROUND (ROUND3-4): 3/3 target books, 29/29 requirements, 0 gaps, PASS verdict. All prior handoff objectives resolved.
